{
  "n_components": 14,
  "n_features_in": 217,
  "n_cal_knots": 200,
  "cal_min": 1.5789246559143066,
  "cal_max": 21.415252685546875,
  "scaler": "standard"
}