{
    "portfolio": [
        "xgb",
        "rf"
    ],
    "max_batch_size": 100000,
    "max_imbalance_ratio": 100,
    "num_batches": 1,
    "population_prior": 0.26438196713972334,
    "batch_priors": [
        0.26438196713972334
    ],
    "decision_cutoff_raw": 0.24945913348032836,
    "decision_cutoff_proba": 0.2814571396472306,
    "decision_cutoff_rank": 0.6878138081872134,
    "decision_cutoff_logit": -0.937245177322162,
    "decision_cutoff_lift": 1.0645852388959767
}