{
    "portfolio": [
        "lr",
        "xgb",
        "rf",
        "svc"
    ],
    "max_batch_size": 100000,
    "max_imbalance_ratio": 100,
    "num_batches": 1,
    "population_prior": 0.1,
    "batch_priors": [
        0.1
    ],
    "decision_cutoff_raw": 0.22672021020096017,
    "decision_cutoff_proba": 0.08856372350918115,
    "decision_cutoff_rank": 0.8962589799452045,
    "decision_cutoff_logit": -2.331299348516373,
    "decision_cutoff_lift": 0.8856372350918115
}