{
  "task": "classification",
  "format": "onnx",
  "preset_name": "default",
  "use_linear": false,
  "n_features_in": 767,
  "classes": [
    0,
    1
  ],
  "params": {
    "C": 1.0,
    "kernel": "rbf",
    "gamma": "scale",
    "class_weight": "balanced",
    "max_iter": 3175,
    "tol": 0.001,
    "random_state": 42,
    "use_linear": false
  },
  "profile": {
    "n_samples": 635,
    "n_features": 767,
    "n_p_ratio": 0.8279009126466753,
    "sparsity": 0.0,
    "is_sparse_counts": false,
    "binary_feature_fraction": 0.0,
    "feature_signal_strength": 0.12483612565731513,
    "feature_signal_p90": 0.2519911902285523,
    "task": "classification",
    "imbalance_ratio": 2.9440993788819876,
    "y_skewness": 0.0,
    "y_all_positive": false
  },
  "portfolio_scores": {
    "heuristic": 0.8294270833333334,
    "default": 0.8424479166666666,
    "linear": 0.7513020833333333,
    "balanced_rbf": 0.7955729166666666
  },
  "decision_cutoff_raw": 0.4504500454452108,
  "decision_cutoff_raw_source": "oof_balanced_accuracy",
  "decision_cutoff_proba": 0.2569290557154613,
  "decision_cutoff_rank": 0.6798107255520505,
  "decision_cutoff_logit": -1.0619915247315146,
  "calibrator": {
    "method": "platt",
    "coef": 6.237221319143966,
    "intercept": -3.871548151391752
  },
  "ranker": {
    "knots": [
      0.186973170603883,
      0.19379226783808678,
      0.20151750222851778,
      0.2048638817512196,
      0.21046393999193466,
      0.211277285011108,
      0.2114056795945175,
      0.21346979530930044,
      0.21519585221978488,
      0.21683029253954916,
      0.21858211919168785,
      0.2187293246195695,
      0.21892033470623082,
      0.21963627168883332,
      0.22034567467494762,
      0.2207311444198262,
      0.2213362235176766,
      0.2228487827468039,
      0.22297216068128226,
      0.22315029510771825,
      0.22359571641333706,
      0.22360131422321433,
      0.22417085109268506,
      0.22428538131745063,
      0.2243852983286457,
      0.2246661166462914,
      0.22509600190545237,
      0.22593412949137917,
      0.22627835186364442,
      0.22640325165832878,
      0.22700003254910217,
      0.22782880690427612,
      0.22855643292865413,
      0.22856305742652566,
      0.22888835979357067,
      0.2289617552275601,
      0.22917306347807456,
      0.22999530200831048,
      0.23022611038294888,
      0.23063712968936156,
      0.23155492820457477,
      0.23168151253347583,
      0.2321100437002668,
      0.23264150365019837,
      0.23276045613655016,
      0.2330526312473036,
      0.23312120397327388,
      0.23334289107314873,
      0.2338691040656683,
      0.23488583262498994,
      0.23597300113524391,
      0.23729393735793095,
      0.2376201077163296,
      0.23767786661138163,
      0.23778458644865993,
      0.23799805778486183,
      0.23869813259501207,
      0.2390019266064225,
      0.23943325489482487,
      0.2394872431108248,
      0.2395772583391471,
      0.23981929573779873,
      0.24017127432007837,
      0.24036095764985912,
      0.24048501537937025,
      0.24065661150268117,
      0.24093689063763882,
      0.24105455517340352,
      0.24107249971287753,
      0.2411625022259499,
      0.24138676839230325,
      0.2416851044636025,
      0.24173194161377687,
      0.2419519180202396,
      0.2421511332733068,
      0.24237954928513988,
      0.2424311996867621,
      0.24272644162055065,
      0.2427570556590601,
      0.24281820955315433,
      0.24305327398481963,
      0.24355363180634404,
      0.24446604666112826,
      0.24496810898802568,
      0.24524145330308916,
      0.24538193503340963,
      0.2456309269214963,
      0.24563338781960098,
      0.24567992529285246,
      0.2457735663792065,
      0.24592896974395087,
      0.24609114207247185,
      0.24726267828823317,
      0.24801010325731618,
      0.24893647252487644,
      0.24976460168647122,
      0.24983334251791742,
      0.24984562421555126,
      0.24992911156221378,
      0.2502953736183996,
      0.250611448293591,
      0.2508875007813094,
      0.2511839488365095,
      0.2514891445277067,
      0.25191665773771116,
      0.2519623539779092,
      0.2524020270583167,
      0.25247304080093697,
      0.25256342562155726,
      0.2531117460402148,
      0.25321672655606975,
      0.2532598282085792,
      0.2534573578564379,
      0.2542313632952872,
      0.2546395232345546,
      0.25475435443983957,
      0.254826801767213,
      0.25524244916949107,
      0.2552713490690763,
      0.2556206758653381,
      0.2556443340589811,
      0.255949119515429,
      0.2564321647843719,
      0.2566272524348507,
      0.2568054374859345,
      0.2572668098887909,
      0.25744146125771894,
      0.2575293743663242,
      0.25764635818545845,
      0.2581589843661106,
      0.25818231463513724,
      0.25831561227759614,
      0.2583406281920439,
      0.2585348967605872,
      0.25860121803848374,
      0.2588345564749006,
      0.2590245495375434,
      0.2591279804461097,
      0.2595384885385615,
      0.25959889683110177,
      0.25961457458315795,
      0.25974249217905193,
      0.2599598969817305,
      0.26031204748481274,
      0.2608535986023022,
      0.26087744760064224,
      0.26105641825945985,
      0.2611617284442791,
      0.26122218021157007,
      0.26162619141795296,
      0.2616676835726883,
      0.26186467746905473,
      0.26186845192348707,
      0.26236246145525727,
      0.2625911186884131,
      0.2625965309443474,
      0.2627723444069939,
      0.2628322065218252,
      0.26328391195789747,
      0.2633169965929442,
      0.2633831573593013,
      0.2634267212386873,
      0.26353957094121,
      0.2635756353598479,
      0.26379421885115895,
      0.26399100818833937,
      0.2641466412222956,
      0.2647908883389327,
      0.26481117140634153,
      0.26484872347559724,
      0.26489013211286905,
      0.2649598607265008,
      0.2652190417033699,
      0.2652807477381033,
      0.265730543086911,
      0.2659091900667407,
      0.26616065535577443,
      0.2662534284665486,
      0.2663071958663727,
      0.2663103231579749,
      0.2663790033036668,
      0.26659255465714093,
      0.2666176416910033,
      0.26664871944403895,
      0.26684460905677704,
      0.26685638315888516,
      0.26726607946503106,
      0.26731085215089045,
      0.2673510570173306,
      0.2674312479980089,
      0.267599025088903,
      0.2680151433724624,
      0.2684139393138082,
      0.26849378402418456,
      0.26876116457630345,
      0.2691507225702977,
      0.2691829766124341,
      0.2692733189730797,
      0.2693930059580133,
      0.2694771304721044,
      0.26989413932505363,
      0.26994062691840004,
      0.2700150221282158,
      0.2701109730984443,
      0.27081318512811603,
      0.2709363333120854,
      0.27101507315769,
      0.27114896947067996,
      0.2713527439346533,
      0.2714187171281316,
      0.2717189948927904,
      0.2720315370690079,
      0.2721327399442662,
      0.2726417487262928,
      0.2726447403248175,
      0.27279089927740846,
      0.2729632063062705,
      0.2729776261722489,
      0.2730961999398686,
      0.27325748153838864,
      0.27334696198056424,
      0.2733823274057224,
      0.273440342188137,
      0.27346066075011505,
      0.2737050875864256,
      0.274058044735803,
      0.27413131582491534,
      0.274147727981292,
      0.2741491462672955,
      0.27415775870046927,
      0.2742146113432392,
      0.2742597960141813,
      0.2745319936355428,
      0.2748919081676199,
      0.27496046056460305,
      0.2749935477464313,
      0.2750808581180496,
      0.27509143688827653,
      0.27532162707368313,
      0.2754564152899245,
      0.27584019624126666,
      0.2759547199172195,
      0.2761167487621828,
      0.27653527366013453,
      0.2765417298053215,
      0.2767374039488231,
      0.27674914169258535,
      0.27705595878165323,
      0.27711348554926085,
      0.27779254922511026,
      0.2778365090034438,
      0.2778755818205972,
