{
  "task": "classification",
  "format": "onnx",
  "preset_name": "default",
  "best_iteration": 99,
  "params": {
    "tree_method": "hist",
    "device": "cpu",
    "learning_rate": 0.3,
    "max_depth": 6,
    "min_child_weight": 1,
    "subsample": 1.0,
    "colsample_bytree": 1.0,
    "reg_alpha": 0.0,
    "reg_lambda": 1.0,
    "max_bin": 256,
    "n_estimators": 2000,
    "early_stopping_rounds": 50,
    "nthread": 64,
    "objective": "binary:logistic",
    "scale_pos_weight": 2.9441,
    "eval_metric": "auc"
  },
  "profile": {
    "n_samples": 635,
    "n_features": 767,
    "n_p_ratio": 0.8279009126466753,
    "sparsity": 0.0,
    "is_sparse_counts": false,
    "binary_feature_fraction": 0.0,
    "feature_signal_strength": 0.12483612565731513,
    "feature_signal_p90": 0.2519911902285523,
    "task": "classification",
    "imbalance_ratio": 2.9440993788819876,
    "y_skewness": 0.0,
    "y_all_positive": false
  },
  "portfolio_scores": {
    "flaml": NaN,
    "autogluon": NaN,
    "heuristic": 0.88671875,
    "default": 0.8736979166666666
  },
  "decision_cutoff_raw": 0.053454719483852386,
  "decision_cutoff_raw_source": "oof_balanced_accuracy",
  "decision_cutoff_proba": 0.11474977113410306,
  "decision_cutoff_rank": 0.6309148264984227,
  "decision_cutoff_logit": -2.0431164950598633,
  "calibrator": {
    "method": "platt",
    "coef": 3.861319442893844,
    "intercept": -2.2495222427172985
  },
  "ranker": {
    "knots": [
      7.773006655042991e-05,
      8.833542960928753e-05,
      0.00010472496796865016,
      0.00010776484850794077,
      0.0001104908951674588,
      0.0001161361942649819,
      0.00011974680819548666,
      0.00012071915261913091,
      0.00013172393664717674,
      0.00013809716620016843,
      0.00014821857621427625,
      0.00015001253632362932,
      0.00015171804989222437,
      0.00015585643996018916,
      0.0001599718671059236,
      0.00017492653569206595,
      0.00017784515512175858,
      0.00018067027849610895,
      0.00018190602713730186,
      0.00018412747886031866,
      0.00019591851742006838,
      0.00019672492635436356,
      0.00019892350246664137,
      0.00020616852270904928,
      0.0002088715264108032,
      0.00020982006390113384,
      0.0002145501202903688,
      0.00021482915326487273,
      0.0002177002461394295,
      0.00022656805231235921,
      0.00022969300334807485,
      0.00023213461099658161,
      0.00023324190988205373,
      0.00023896897619124502,
      0.00024236497120000422,
      0.00024920186842791736,
      0.0002558946725912392,
      0.00025793802342377603,
      0.0003042478929273784,
      0.00030527179478667676,
      0.0003234549658372998,
      0.00032880238723009825,
      0.00033813490881584585,
      0.00034080358454957604,
      0.00034703631536103785,
      0.00034930085530504584,
      0.00035584528814069927,
      0.00038619927363470197,
      0.0003911499516107142,
      0.0003961642796639353,
      0.0004011164710391313,
      0.00040591805009171367,
      0.0004072544688824564,
      0.00040809178608469665,
      0.00041302875615656376,
      0.0004141931131016463,
      0.00041902606608346105,
      0.0004212619678582996,
      0.00042859764653258026,
      0.000431476830272004,
      0.0004560893285088241,
      0.000462973490357399,
      0.00046354226651601493,
      0.00046930561074987054,
      0.0004721383156720549,
      0.0004853234568145126,
      0.000504742085468024,
      0.0005213822587393224,
      0.0005315504386089742,
      0.000550068449229002,
      0.000576459220610559,
      0.0005806044791825116,
      0.0005885047139599919,
      0.0006006614421494305,
      0.0006126512307673693,
      0.0006157857715152204,
      0.0006164810620248318,
      0.0006271512829698622,
      0.0006303548580035567,
      0.0006360460538417101,
      0.0006602168432436883,
      0.0006659459904767573,
      0.0006885283510200679,
      0.000703521363902837,
      0.0007055252208374441,
      0.000723537290468812,
      0.000733257969841361,
      0.0007341592572629452,
      0.0007538117351941764,
      0.0007542648236267269,
      0.0007551591261290014,
      0.0007554448093287647,
      0.000769274600315839,
      0.0007750423392280936,
      0.0007754084072075784,
      0.0007812228286638856,
      0.0007885856321081519,
      0.0007892016437835991,
      0.0008021153626032174,
      0.0008181374869309366,
      0.0008277596207335591,
      0.0008325636736117303,
      0.0008446511928923428,
      0.0008488124585710466,
      0.0008548886980861425,
      0.0008656319696456194,
      0.0008711929549463093,
      0.0008824974065646529,
      0.0008906199946068227,
      0.0008941856794990599,
      0.0008959088008850813,
      0.0009001799044199288,
      0.0009052623645402491,
      0.0009107656660489738,
      0.0009114744607359171,
      0.000921027734875679,
      0.000933528586756438,
      0.0009356919908896089,
      0.00095678202342242,
      0.0009582643979229033,
      0.000970018154475838,
      0.0009755395585671067,
      0.0009892625967040658,
      0.0010029886616393924,
      0.00100545899476856,
      0.0010301473084837198,
      0.00104496069252491,
      0.0010525700636208057,
      0.0010582931572571397,
      0.0010740786092355847,
      0.0010806811042129993,
      0.001091165584512055,
      0.0011101849377155304,
      0.0011168464552611113,
      0.0011215017875656486,
      0.0011551727075129747,
      0.001156515907496214,
      0.001172850956209004,
      0.0012045588809996843,
      0.001212529605254531,
      0.0012259294744580984,
      0.0012550480896607041,
      0.0012615943560376763,
      0.001302510965615511,
      0.0013184701092541218,
      0.00132784154266119,
      0.0013348731445148587,
      0.0014272498665377498,
      0.001471666619181633,
      0.0014871639432385564,
      0.0015036623226478696,
      0.0015170715050771832,
      0.0015266431728377938,
      0.001532670226879418,
      0.001550724497064948,
      0.0015919815050438046,
      0.001592033775523305,
      0.0015947812935337424,
      0.001609933446161449,
      0.0016143081011250615,
      0.0016216989606618881,
      0.0016296725952997804,
      0.001630301121622324,
      0.0016325954347848892,
      0.0016392322722822428,
      0.0016414930578321218,
      0.0016922630602493882,
      0.001699373358860612,
      0.0017103480640798807,
      0.0017455557826906443,
      0.0017958421958610415,
      0.0018179328180849552,
      0.00184876739513129,
      0.0018595275469124317,
      0.001923511503264308,
      0.0019489226397126913,
      0.001998503692448139,
      0.002011542208492756,
      0.0020135457161813974,
      0.002107808366417885,
      0.002136075869202614,
      0.0021771900355815887,
      0.0022588165011256933,
      0.002269400516524911,
      0.002285707974806428,
      0.0023160669952630997,
      0.0023446488194167614,
      0.002364975167438388,
      0.0023682117462158203,
      0.00240691308863461,
      0.0024104099720716476,
      0.002418036572635174,
      0.002443860052153468,
      0.0024626567028462887,
      0.002479496644809842,
      0.002525627613067627,
      0.002577051520347595,
      0.0026144376024603844,
      0.0026536486111581326,
      0.0026838406920433044,
      0.002692737150937319,
      0.0027305877301841974,
      0.0027530614752322435,
      0.002759460126981139,
      0.0027741389349102974,
      0.0028083352372050285,
      0.002872553886845708,
      0.0028993217274546623,
      0.002919622929766774,
      0.002954154508188367,
      0.002995694288983941,
      0.003044149838387966,
      0.0030831482727080584,
      0.0031372299417853355,
      0.0031835141126066446,
      0.0032122263219207525,
      0.0032622884027659893,
      0.0033213102724403143,
      0.003351732390001416,
      0.0033778368961066008,
      0.003400730900466442,
      0.003403899958357215,
      0.0034226079005748034,
      0.0034341197460889816,
      0.003548829583451152,
      0.0035521090030670166,
