{
    "portfolio": [
        "lr",
        "xgb",
        "rf",
        "svc"
    ],
    "max_batch_size": 100000,
    "max_imbalance_ratio": 100,
    "num_batches": 1,
    "population_prior": 0.2943800178412132,
    "batch_priors": [
        0.2943800178412132
    ],
    "decision_cutoff_raw": 0.25125161308774746,
    "decision_cutoff_proba": 0.18580438155342385,
    "decision_cutoff_rank": 0.6321428571428571,
    "decision_cutoff_logit": -1.477506246435236,
    "decision_cutoff_lift": 0.6311718537011761
}