{
  "task": "classification",
  "format": "onnx",
  "preset_name": "default",
  "use_linear": false,
  "n_features_in": 1831,
  "classes": [
    0,
    1
  ],
  "params": {
    "C": 1.0,
    "kernel": "rbf",
    "gamma": "scale",
    "class_weight": "balanced",
    "max_iter": 3150,
    "tol": 0.001,
    "random_state": 42,
    "use_linear": false
  },
  "profile": {
    "n_samples": 630,
    "n_features": 1831,
    "n_p_ratio": 0.3440742763517204,
    "sparsity": 0.44795193883123974,
    "is_sparse_counts": false,
    "binary_feature_fraction": 0.0,
    "feature_signal_strength": 0.10605493993854821,
    "feature_signal_p90": 0.24626594310789526,
    "task": "classification",
    "imbalance_ratio": 9.0,
    "y_skewness": 0.0,
    "y_all_positive": false
  },
  "portfolio_scores": {
    "heuristic": 0.9990123456790123,
    "default": 0.9990123456790123,
    "linear": 1.0,
    "balanced_rbf": 1.0
  },
  "decision_cutoff_raw": 0.5,
  "decision_cutoff_raw_source": "oof_balanced_accuracy",
  "decision_cutoff_proba": 0.21964218636850497,
  "decision_cutoff_rank": 0.8871021165080277,
  "decision_cutoff_logit": -1.267752753233017,
  "calibrator": {
    "method": "platt",
    "coef": 8.361929296245039,
    "intercept": -5.448717401355537
  },
  "ranker": {
    "knots": [
      0.1852740620444795,
      0.1863219497508956,
      0.1878750473203829,
      0.18962943419673367,
      0.19193402254560918,
      0.194065635401373,
      0.1949235918727064,
      0.195489119424716,
      0.19643380051591897,
      0.19691143213572637,
      0.20089432341493055,
      0.20095060748590307,
      0.20193038236425448,
      0.2026096345831994,
      0.20284846205166726,
      0.202948412080169,
      0.2031832121457651,
      0.20591835236195397,
      0.20623461485640648,
      0.20637680099427164,
      0.20664661868474568,
      0.2077548310709203,
      0.2082571210604884,
      0.20923947291809444,
      0.20937553422361502,
      0.2094943921565523,
      0.20959898597416513,
      0.20997842593512575,
      0.21028637501496422,
      0.21043850437706899,
      0.21060541055754695,
      0.21145208914040928,
      0.2116199741944714,
      0.21166288549319187,
      0.21204460574675912,
      0.21262524082987963,
      0.2130363009739486,
      0.21315694397587173,
      0.21347484683916737,
      0.2136678250111379,
      0.21431749063459588,
      0.21432049607479847,
      0.21449931360635419,
      0.21456356918520217,
      0.21465542876999216,
      0.21531526537457935,
      0.21534694476000305,
      0.2155076980432603,
      0.21552365339001167,
      0.2156862697334923,
      0.21572898581144517,
      0.2157671920026765,
      0.21616768530852495,
      0.21645164108626289,
      0.21647067326576458,
      0.2168632538440371,
      0.2170791701854336,
      0.21756993462704025,
      0.2176684750367236,
      0.21771315506383607,
      0.21798981889815544,
      0.21801814830148325,
      0.21810830000565617,
      0.2183578852738735,
      0.21920909832547056,
      0.2196625431340197,
      0.219671398841675,
      0.21991867014317912,
      0.22014096629968685,
      0.22035291697428533,
      0.22075026058513614,
      0.22103465867603259,
      0.22183837278281102,
      0.2218684684179654,
      0.2221508599665084,
      0.22235878119039681,
      0.2223729318533534,
      0.22260825156176164,
      0.22265246114038248,
      0.22265274958230263,
      0.22288885822918156,
      0.22294477218515626,
      0.22330230629518238,
      0.2233087893114,
      0.22364405590755293,
      0.22392985880569632,
      0.2239308417116191,
      0.22399269222575757,
      0.22408350742307573,
      0.22419375728618068,
      0.22448730754579627,
      0.2245981409336763,
      0.22504159248587016,
      0.22505633523586654,
      0.22506572654497853,
      0.2251108180600209,
      0.22514505233076051,
      0.22573483087985258,
      0.22582735758255568,
      0.22584409905827998,
      0.22589586191994757,
      0.22595274394429735,
      0.22608435774415114,
      0.22657462080887744,
      0.22672432882412358,
      0.22681422381124516,
      0.2268567066509626,
      0.2270291850762394,
      0.2271928470807065,
      0.2276701570994412,
      0.2280469804825658,
      0.2281410909502667,
      0.2282882424971139,
      0.22844761184255333,
      0.22861198207736005,
      0.22867891408187438,
      0.2287772992939426,
      0.2288775510709164,
      0.22894527486639407,
      0.22917613880747115,
      0.22927815893119421,
      0.22946153676259542,
      0.2295033644873034,
      0.22962018699572595,
      0.22967791512454716,
      0.22971629053867063,
      0.2297495291977016,
      0.22982082502866671,
      0.22992473201760347,
      0.23006826583943613,
      0.23008107970057687,
      0.2301432611832284,
      0.23081889569291314,
      0.23081902453204,
      0.23115970611294723,
      0.2313869647451291,
      0.23148872459464834,
      0.23152168221001354,
      0.2315347910264755,
      0.23177292737189362,
      0.2318969117931406,
      0.23196181137746757,
      0.23279782416464112,
      0.23301416537572375,
      0.23321323226999874,
      0.23330690020198488,
      0.23349220208781635,
      0.23404699033626777,
      0.23407667895116913,
      0.2341098338614049,
      0.23440260608258667,
      0.2344415146313115,
      0.2344618411315526,
      0.23447209231066524,
      0.23452770803177656,
      0.23490250032692517,
      0.23498792916673353,
      0.23517952525874464,
      0.23544243990815944,
      0.23547060156134655,
      0.23548253005903855,
      0.2358491967350539,
      0.23586007536059758,
      0.23617917477820877,
      0.23626857056856235,
      0.23630405645087124,
      0.2370205160288664,
      0.237094484441602,
      0.23710243259882718,
      0.23720116659828966,
      0.23726074121088625,
      0.23730249780829765,
      0.23733721208614242,
      0.23739922883645345,
      0.23755100879695548,
      0.2375608962463687,
      0.23765801039778994,
      0.23776359111852857,
      0.23822131411892175,
      0.2382530646930843,
      0.23833280748592128,
      0.23864869872559527,
      0.23866376084164928,
      0.23866721728680565,
      0.23866991749276495,
      0.2389748496665952,
      0.23899471536121233,
      0.23907555394589097,
      0.23914835492353506,
      0.23920226505551256,
      0.23925922913063077,
      0.239302157439803,
      0.2393963520735952,
      0.2394766251111493,
      0.23954829569840969,
      0.23970726239133783,
      0.23985007490635465,
      0.23997054804693543,
      0.2399732933764615,
      0.2400154901206306,
      0.24002945148878202,
      0.2400801046285031,
      0.24025046430043284,
      0.24026502004263664,
      0.2404036206452006,
      0.24054267886482103,
      0.2406610404619507,
      0.24077576456634853,
      0.24086564627149273,
      0.2409849339876933,
      0.2411951840319689,
      0.24138599202732985,
      0.241420092516111,
      0.24170762106192042,
      0.24174495863576298,
      0.24177056636617314,
      0.24183483880819204,
      0.2425865699320702,
      0.24259322529206376,
      0.24269110535210547,
      0.24280073945745567,
      0.2428549171088952,
      0.24290670509340764,
      0.2429227589313036,
      0.24304955453295365,
      0.2430900615684471,
      0.24309026077175583,
      0.2431846455066851,
      0.243403819289909,
      0.2434043943459595,
      0.24363316158749795,
      0.2436675008657359,
      0.24416266020278246,
      0.2443068537330556,
      0.24434154574956876,
      0.24441533481562722,
      0.24483903088510856,
      0.2449048176187641,
      0.24502965778369856,
      0.24505764309537015,
      0.24545744272554,
      0.2457035252860848,
      0.24570505088361552,
      0.24574363769233923,
      0.24581857703533574,
      0.24592980724044788,
      0.24692836730867126,
      0.2469387310225231,
      0.24697928182693216,
      0.24702169008646632,
      0.24713787788034658,
      0.24715480075624138,
