{
  "task": "classification",
  "format": "onnx",
  "preset_name": "default",
  "best_iteration": 99,
  "params": {
    "tree_method": "hist",
    "device": "cpu",
    "learning_rate": 0.3,
    "max_depth": 6,
    "min_child_weight": 1,
    "subsample": 1.0,
    "colsample_bytree": 1.0,
    "reg_alpha": 0.0,
    "reg_lambda": 1.0,
    "max_bin": 256,
    "n_estimators": 2000,
    "early_stopping_rounds": 50,
    "nthread": 64,
    "objective": "binary:logistic",
    "scale_pos_weight": 9.0,
    "eval_metric": "auc"
  },
  "profile": {
    "n_samples": 630,
    "n_features": 1831,
    "n_p_ratio": 0.3440742763517204,
    "sparsity": 0.44795193883123974,
    "is_sparse_counts": false,
    "binary_feature_fraction": 0.0,
    "feature_signal_strength": 0.10605493993854821,
    "feature_signal_p90": 0.24626594310789526,
    "task": "classification",
    "imbalance_ratio": 9.0,
    "y_skewness": 0.0,
    "y_all_positive": false
  },
  "portfolio_scores": {
    "flaml": NaN,
    "autogluon": NaN,
    "heuristic": 0.997037037037037,
    "default": 0.9968724279835391
  },
  "decision_cutoff_raw": 0.014714283868670464,
  "decision_cutoff_raw_source": "oof_balanced_accuracy",
  "decision_cutoff_proba": 0.01893397664156828,
  "decision_cutoff_rank": 0.8521462639109698,
  "decision_cutoff_logit": -3.9476817453695854,
  "calibrator": {
    "method": "platt",
    "coef": 5.7447776973781775,
    "intercept": -4.032212035171215
  },
  "ranker": {
    "knots": [
      0.00036022375570610166,
      0.00037242690450511873,
      0.00037242690450511873,
      0.00037242690450511873,
      0.00037242690450511873,
      0.00040299296961165965,
      0.0004114058683626354,
      0.0004114058683626354,
      0.0004114058683626354,
      0.00041172519559040666,
      0.00041172519559040666,
      0.00041172519559040666,
      0.00041172519559040666,
      0.00041172519559040666,
      0.00041172519559040666,
      0.00041172519559040666,
      0.00041172519559040666,
      0.00041172519559040666,
      0.00041172519559040666,
      0.00041172519559040666,
      0.0004135809722356498,
      0.0004162585246376693,
      0.0004204489232506603,
      0.0004210373153910041,
      0.0004210373153910041,
      0.0004210373153910041,
      0.0004210373153910041,
      0.0004210373153910041,
      0.0004210373153910041,
      0.0004210373153910041,
      0.0004210373153910041,
      0.0004210373153910041,
      0.0004210373153910041,
      0.0004210373153910041,
      0.0004210373153910041,
      0.0004210373153910041,
      0.0004210373153910041,
      0.00042327705887146294,
      0.00042646960355341434,
      0.0004335182311479002,
      0.0004335182311479002,
      0.0004335182311479002,
      0.0004479014896787703,
      0.0004528233839664608,
      0.00046017978456802666,
      0.0004677427059505135,
      0.0004725730395875871,
      0.0004725730395875871,
      0.0004725730395875871,
      0.0004725730395875871,
      0.0004725730395875871,
      0.0004725730395875871,
      0.0004744434845633805,
      0.0004744434845633805,
      0.0004744434845633805,
      0.00047744702897034585,
      0.000478414905956015,
      0.0004805942589882761,
      0.00048183961189351976,
      0.0004842329362872988,
      0.0004842774651478976,
      0.0004842774651478976,
      0.00048557453555986285,
      0.00048557453555986285,
      0.00048557453555986285,
      0.00048557453555986285,
      0.0004885749658569694,
      0.0004951091250404716,
      0.000498463399708271,
      0.0005005803541280329,
      0.0005005803541280329,
      0.0005005803541280329,
      0.0005011126631870866,
      0.0005019289092160761,
      0.0005040146643295884,
      0.0005051227635703981,
      0.0005058759124949574,
      0.0005061122355982661,
      0.0005077918758615851,
      0.0005077918758615851,
      0.0005081174895167351,
      0.0005081174895167351,
      0.000508460565470159,
      0.0005093943909741938,
      0.000526034680660814,
      0.000527234107721597,
      0.0005289042019285262,
      0.0005331839201971889,
      0.0005334047600626945,
      0.0005334047600626945,
      0.0005368057172745466,
      0.0005368057172745466,
      0.0005390139413066208,
      0.0005390139413066208,
      0.0005390139413066208,
      0.0005405884003266692,
      0.000541304296348244,
      0.0005413935869000852,
      0.0005465197027660906,
      0.0005487307789735496,
      0.0005504869623109698,
      0.0005504869623109698,
      0.0005517166573554277,
      0.000555036123842001,
      0.000555036123842001,
      0.000555036123842001,
      0.0005570591310970485,
      0.0005589440115727484,
      0.0005590575165115297,
      0.0005590575165115297,
      0.0005590575165115297,
      0.0005590575165115297,
      0.0005611216183751822,
      0.0005613658577203751,
      0.0005664117634296417,
      0.0005687916418537498,
      0.0005699407192878425,
      0.0005712675047107041,
      0.000573548546526581,
      0.0005737437750212848,
      0.0005737437750212848,
      0.0005743373767472804,
      0.0005744696245528758,
      0.0005754297017119825,
      0.00057598965940997,
      0.0005769965937361121,
      0.0005771887954324484,
      0.000578467093873769,
      0.0005846671992912889,
      0.0005862583639100194,
      0.000589121482335031,
      0.000589121482335031,
      0.0005898645613342524,
      0.000590106297750026,
      0.0005904371500946581,
      0.0005911004263907671,
      0.0005911004263907671,
      0.0005911004263907671,
      0.0005911004263907671,
      0.0005934982327744365,
      0.0005987926269881427,
      0.0006042743916623294,
      0.0006083417101763189,
      0.0006084034685045481,
      0.0006124544888734818,
      0.0006140366313047707,
      0.0006150628323666751,
      0.0006170115666463971,
      0.0006219936767593026,
      0.0006237951456569135,
      0.0006290792371146381,
      0.0006307175499387085,
      0.0006338758976198733,
      0.0006342714186757803,
      0.0006352320779114962,
      0.0006358462851494551,
      0.0006361596751958132,
      0.000637729826848954,
      0.0006379209808073938,
      0.0006421620491892099,
      0.0006430172361433506,
      0.000643064733594656,
      0.0006432704394683242,
      0.0006432704394683242,
      0.0006463970057666302,
      0.0006473251269198954,
      0.0006509917438961565,
      0.0006512139225378633,
      0.0006521377363242209,
      0.0006525726639665663,
      0.0006576874875463545,
      0.000658578472211957,
      0.0006603904766961932,
      0.0006608503754250705,
      0.0006609609699808061,
      0.0006637890473939478,
      0.000664580031298101,
      0.0006646582041867077,
      0.0006674175383523107,
      0.0006695329211652279,
      0.0006695329211652279,
      0.000672134046908468,
      0.0006736166542395949,
      0.0006737117073498666,
      0.0006746326689608395,
      0.0006749861058779061,
      0.0006759127136319876,
      0.0006759127136319876,
      0.0006770800100639462,
      0.0006775925867259502,
      0.0006775925867259502,
      0.0006779820541851223,
      0.0006801387062296271,
      0.000682749436236918,
      0.0006902486784383655,
      0.0006926839123480022,
      0.0006926839123480022,
      0.0006933929398655891,
      0.0006968181114643812,
      0.0006976972217671573,
      0.0006976972217671573,
      0.0006989900139160454,
      0.0006995881558395922,
      0.0007001931080594659,
      0.0007004137150943279,
      0.0007026349776424468,
      0.0007027494721114635,
      0.0007027494721114635,
      0.0007046248065307736,
      0.0007058164337649941,
      0.0007058826740831137,
      0.0007059375639073551,
      0.0007064146921038628,
      0.0007083116215653718,
      0.0007094219326972961,
      0.0007097386987879872,
      0.0007100919028744102,
      0.0007104791002348065,
      0.0007168913725763559,
      0.0007173577905632555,
      0.0007174726342782378,
      0.0007174726342782378,
      0.0007174726342782378,
      0.0007174726342782378,
      0.0007192447083070874,
