{
    "portfolio": [
        "xgb",
        "rf",
        "svc"
    ],
    "max_batch_size": 100000,
    "max_imbalance_ratio": 100,
    "num_batches": 1,
    "population_prior": 0.1,
    "batch_priors": [
        0.1
    ],
    "decision_cutoff_raw": 0.2466739595431301,
    "decision_cutoff_proba": 0.12226097668661373,
    "decision_cutoff_rank": 0.8722840487546369,
    "decision_cutoff_logit": -1.9711913963168284,
    "decision_cutoff_lift": 1.2226097668661373
}