{
  "mode": "slow",
  "descriptor_types": [
    "chemeleon",
    "morgan",
    "clamp"
  ],
  "n_compounds": 8090,
  "n_actives": 1723,
  "ratio_actives": 0.2129789864029666,
  "population_prior": 0.2129789864029666,
  "portfolio": [
    "xgb",
    "rf"
  ],
  "num_batches": {
    "chemeleon": 1,
    "morgan": 1,
    "clamp": 1
  },
  "decision_cutoff_raw": 0.1947107187055408,
  "decision_cutoff_proba": 0.22606858796938487,
  "decision_cutoff_rank": 0.6829027073803932,
  "oof_aucs": {
    "chemeleon": 0.8971616287953127,
    "morgan": 0.9011637833318036,
    "clamp": 0.8871573818899522
  },
  "proxy_aucs": {
    "chemeleon": 0.7119378969167867,
    "morgan": 0.7286966284821959,
    "clamp": 0.7177647440494329
  },
  "train_aucs": {
    "chemeleon": 1.0,
    "morgan": 0.9999838655881345,
    "clamp": 0.9999999544225654
  },
  "quality_aucs": {
    "chemeleon": 0.7943232575906254,
    "morgan": 0.8023437010754727,
    "clamp": 0.774314809357339
  },
  "active_descriptors": {
    "chemeleon": true,
    "morgan": true,
    "clamp": true
  },
  "ad_hard_cutoffs": {
    "chemeleon": 0.05000000074505806,
    "morgan": 0.05000000074505806,
    "clamp": 0.05000000074505806
  },
  "rank_error_curves": {
    "chemeleon": [
      [
        0.00018949081277214787,
        0.053400749532671876,
        0.08834128285877829,
        0.1166380279029893,
        0.14346186993290078,
        0.17141923192095335,
        0.19836623589156388,
        0.225539640425733,
        0.2553479709098785,
        0.28983602357607574,
        0.3337105830822519,
        0.3858360300211562,
        0.4492652433127815,
        0.535428978286334,
        0.6502895197806833,
        0.9099754054176563,
        0.9529269644977549,
        0.9686823822922739,
        0.9820557038398801,
        0.9999659823851266
      ],
      [
        0.004871431551696585,
        0.01179750899455074,
        0.015754090642985715,
        0.018709715707307915,
        0.021113378650424387,
        0.023754180756035376,
        0.02691432950593973,
        0.030060746431196737,
        0.033763201813053804,
        0.038830560179147454,
        0.04538534617221032,
        0.05470067725718773,
        0.06786188705851233,
        0.1024253200421532,
        0.21505125127995325,
        0.31010667849229584,
        0.18535388468669733,
        0.14897531382051152,
        0.11565329276326647,
        0.044190029478230086
      ]
    ],
    "morgan": [
      [
        0.01885725836086839,
        0.06888792843910194,
        0.10551307712844822,
        0.13573916488421967,
        0.16147544516948398,
        0.1894024808354754,
        0.21738694463981706,
        0.25010661979607424,
        0.2828999551931785,
        0.31611881751790205,
        0.35381133381930024,
        0.40423454595944686,
        0.4687244474142287,
        0.5419453552581907,
        0.6403035336112912,
        0.8763358009054203,
        0.923460874322132,
        0.9490759266566905,
        0.9748047140452571,
        0.9997403991049362
      ],
      [
        0.014264679737316958,
        0.01702014564806957,
        0.017698661356379215,
        0.01878267488016199,
        0.020772133102144583,
        0.02242867318870465,
        0.026552286637635654,
        0.03202295188508051,
        0.038439780246295664,
        0.0450917768285719,
        0.05128031787471403,
        0.06067511152655155,
        0.07849675655156925,
        0.10614045284565371,
        0.1683596731690027,
        0.3298874321760824,
        0.25319173036248166,
        0.19354157979937212,
        0.09838850353573464,
        0.01801120570430035
      ]
    ],
    "clamp": [
      [
        0.0004888765179646572,
        0.03351034695712474,
        0.061386546665539846,
        0.08959898634609986,
        0.11573028713251281,
        0.14316336158358395,
        0.16960623483745896,
        0.19749828846670314,
        0.22755068082477914,
        0.2614218311023796,
        0.2962500251691897,
        0.3400661526384081,
        0.39692004757059696,
        0.48471805794924144,
        0.6157039322119185,
        0.9276337172205353,
        0.9667986223034921,
        0.9788998012742793,
        0.9897365429759046,
        1.0
      ],
      [
        0.007128426274124203,
        0.011309302190264388,
        0.013628242809961397,
        0.0166920086976436,
        0.01876531022425413,
        0.021127813584145644,
        0.023710539666319773,
        0.026704670112302712,
        0.029816327105217106,
        0.034429618272320474,
        0.0404001548380503,
        0.0482590330885386,
        0.059380975082777905,
        0.0884991258969282,
        0.20226596893386317,
        0.29166282012611505,
        0.1809900549336864,
        0.1497575416369909,
        0.11117189074933127,
        0.028477339782623918
      ]
    ]
  },
  "decision_cutoff_logit": -1.2306448148959206,
  "decision_cutoff_lift": 1.061459591800536
}