{
    "portfolio": [
        "xgb",
        "rf",
        "svc"
    ],
    "max_batch_size": 100000,
    "max_imbalance_ratio": 100,
    "num_batches": 1,
    "population_prior": 0.1,
    "batch_priors": [
        0.1
    ],
    "decision_cutoff_raw": 0.34144375370010827,
    "decision_cutoff_proba": 0.06478858013761171,
    "decision_cutoff_rank": 0.8146487294469358,
    "decision_cutoff_logit": -2.6696432658446554,
    "decision_cutoff_lift": 0.6478858013761171
}