{
  "mode": "slow",
  "descriptor_types": [
    "chemeleon",
    "morgan",
    "rdkit"
  ],
  "n_compounds": 1690,
  "n_actives": 169,
  "ratio_actives": 0.1,
  "population_prior": 0.1,
  "portfolio": [
    "lr",
    "xgb",
    "rf",
    "svc"
  ],
  "num_batches": {
    "chemeleon": 1,
    "morgan": 1,
    "rdkit": 1
  },
  "decision_cutoff_raw": 0.39492634104275104,
  "decision_cutoff_proba": 0.12686330683791255,
  "decision_cutoff_rank": 0.8669307983730766,
  "oof_aucs": {
    "chemeleon": 0.996000762500535,
    "morgan": 0.9997938136308641,
    "rdkit": 0.9944718711218483
  },
  "proxy_aucs": {
    "chemeleon": 0.9991168998906823,
    "morgan": 0.9992880734801536,
    "rdkit": 0.9989496166100628
  },
  "train_aucs": {
    "chemeleon": 1.0,
    "morgan": 1.0,
    "rdkit": 1.0
  },
  "quality_aucs": {
    "chemeleon": 0.9920015250010701,
    "morgan": 0.9995876272617281,
    "rdkit": 0.9889437422436966
  },
  "active_descriptors": {
    "chemeleon": true,
    "morgan": true,
    "rdkit": true
  },
  "ad_hard_cutoffs": {
    "chemeleon": 0.05225002393126488,
    "morgan": 0.05225002393126488,
    "rdkit": 0.05000000074505806
  },
  "rank_error_curves": {
    "chemeleon": [
      [
        0.20558506579639263,
        0.23497895227295973,
        0.2582123515563295,
        0.27651632838422363,
        0.29684967090559305,
        0.3100334243417559,
        0.31619981795468777,
        0.32760468807807286,
        0.3477433054156487,
        0.3741612757109396,
        0.40211324960358275,
        0.4227406246475115,
        0.4583656124840709,
        0.48653945249143676,
        0.5083669849647251,
        0.5449097640291566,
        0.6285512059168329,
        0.7811876619236542,
        0.9640111718617,
        0.997251630045764
      ],
      [
        0.006230089680594102,
        0.006530455193021625,
        0.006862823449798192,
        0.006964894170081223,
        0.007191721686160009,
        0.00765080077708204,
        0.00756305535148611,
        0.007464702342090541,
        0.007434121879848378,
        0.007399979076723865,
        0.009226467581164263,
        0.020749478179211005,
        0.01981087941130767,
        0.025267547733417866,
        0.04207551143731843,
        0.057160382800376795,
        0.07026554360850293,
        0.17989364766527458,
        0.1336861510333327,
        0.1045659795465292
      ]
    ],
    "morgan": [
      [
        0.21750605896399897,
        0.31446806317670395,
        0.35755886850504603,
        0.3853676012914586,
        0.4122591568369335,
        0.43400189487058477,
        0.45424484428126594,
        0.47613954391850033,
        0.49516841240156356,
        0.5157894946111725,
        0.5375984722449666,
        0.5554240025191817,
        0.5747219538021632,
        0.6001484799763415,
        0.6231886317904749,
        0.6547005107465341,
        0.7049011703196925,
        0.8751134512765889,
        0.9686079054187559,
        0.9992888886511657
      ],
      [
        0.006234629942080862,
        0.006527380850124353,
        0.006844685840915349,
        0.006912096599380456,
        0.007123585293736694,
        0.007357838081943803,
        0.0075546137489416335,
        0.007840919977895211,
        0.007856231264320704,
        0.008234321402885535,
        0.008679402854628154,
        0.00901408065819833,
        0.009334037059571695,
        0.009522284808598321,
        0.010235785385569232,
        0.009751865355690892,
        0.01019873256967394,
        0.0569575572343744,
        0.08121619647549949,
        0.07425396434454141
      ]
    ],
    "rdkit": [
      [
        0.2279391167175753,
        0.2548916657610761,
        0.262692206179083,
        0.2707663090197192,
        0.2832093562918676,
        0.2936516386412983,
        0.3054131542798278,
        0.3182648471865628,
        0.3376144986308344,
        0.35653055992970095,
        0.37791942744257345,
        0.40653005378451895,
        0.4347858477864952,
        0.4684027668708798,
        0.49405981610479927,
        0.5171949643056093,
        0.5478186370684696,
        0.6334993295604504,
        0.7126277976002221,
        0.8146203183571047
      ],
      [
        0.0331134672766069,
        0.036627640652887844,
        0.037898742011955165,
        0.0371432108261821,
        0.035714761098302066,
        0.034673233243084925,
        0.036636712250398606,
        0.03614578139426877,
        0.034766404475317515,
        0.036426847613231804,
        0.035684828043314604,
        0.03576681614640031,
        0.036339446313027754,
        0.0367028780534339,
        0.036075206637190355,
        0.0359403257751379,
        0.03748152576806644,
        0.15699126929333032,
        0.3206763929606953,
        0.31903924979758863
      ]
    ]
  },
  "decision_cutoff_logit": -1.928981939538271,
  "decision_cutoff_lift": 1.2686330683791254
}