{
  "n_components": 45,
  "n_features_in": 2048,
  "n_cal_knots": 200,
  "cal_min": 2.5722038745880127,
  "cal_max": 24.883325576782227,
  "scaler": "standard"
}