{
  "n_components": 27,
  "n_features_in": 768,
  "n_cal_knots": 200,
  "cal_min": 3.023669481277466,
  "cal_max": 8.445980072021484,
  "scaler": "standard"
}