{
  "n_components": 45,
  "n_features_in": 2048,
  "n_cal_knots": 200,
  "cal_min": 3.2125449180603027,
  "cal_max": 24.5567569732666,
  "scaler": "standard"
}