{
  "n_components": 14,
  "n_features_in": 217,
  "n_cal_knots": 200,
  "cal_min": 1.0546655654907227,
  "cal_max": 15.760286331176758,
  "scaler": "standard"
}