{
  "n_components": 45,
  "n_features_in": 2048,
  "n_cal_knots": 200,
  "cal_min": 3.126505136489868,
  "cal_max": 32.20158004760742,
  "scaler": "standard"
}