{
  "n_components": 27,
  "n_features_in": 768,
  "n_cal_knots": 200,
  "cal_min": 2.4635515213012695,
  "cal_max": 9.256783485412598,
  "scaler": "standard"
}