{
    "portfolio": [
        "xgb",
        "rf",
        "svc"
    ],
    "max_batch_size": 100000,
    "max_imbalance_ratio": 100,
    "num_batches": 1,
    "population_prior": 0.035256410256410256,
    "batch_priors": [
        0.035256410256410256
    ],
    "decision_cutoff_raw": 0.17050263986124245,
    "decision_cutoff_proba": 0.034805479815866874,
    "decision_cutoff_rank": 0.8927489755923746,
    "decision_cutoff_logit": -3.3225548159886062,
    "decision_cutoff_lift": 0.9872099729591332
}