{
    "portfolio": [
        "lr",
        "xgb",
        "rf",
        "svc"
    ],
    "max_batch_size": 100000,
    "max_imbalance_ratio": 100,
    "num_batches": 1,
    "population_prior": 0.1,
    "batch_priors": [
        0.1
    ],
    "decision_cutoff_raw": 0.23286930237162812,
    "decision_cutoff_proba": 0.06358700030829262,
    "decision_cutoff_rank": 0.8260450629909499,
    "decision_cutoff_logit": -2.689647566361492,
    "decision_cutoff_lift": 0.6358700030829262
}