{
    "portfolio": [
        "lr",
        "xgb",
        "rf",
        "svc"
    ],
    "max_batch_size": 100000,
    "max_imbalance_ratio": 100,
    "num_batches": 1,
    "population_prior": 0.1,
    "batch_priors": [
        0.1
    ],
    "decision_cutoff_raw": 0.2445432203540273,
    "decision_cutoff_proba": 0.07842561865348739,
    "decision_cutoff_rank": 0.853448275862069,
    "decision_cutoff_logit": -2.463932849018617,
    "decision_cutoff_lift": 0.7842561865348738
}