{
    "portfolio": [
        "lr",
        "xgb",
        "rf",
        "svc"
    ],
    "max_batch_size": 100000,
    "max_imbalance_ratio": 100,
    "num_batches": 1,
    "population_prior": 0.2943800178412132,
    "batch_priors": [
        0.2943800178412132
    ],
    "decision_cutoff_raw": 0.2808291650747351,
    "decision_cutoff_proba": 0.1873026717165988,
    "decision_cutoff_rank": 0.6008928571428571,
    "decision_cutoff_logit": -1.4676328765775626,
    "decision_cutoff_lift": 0.6362614999827493
}