{
  "mode": "slow",
  "descriptor_types": [
    "chemeleon",
    "clamp"
  ],
  "n_compounds": 750,
  "n_actives": 75,
  "ratio_actives": 0.1,
  "population_prior": 0.1,
  "portfolio": [
    "lr",
    "xgb",
    "rf",
    "svc"
  ],
  "num_batches": {
    "chemeleon": 1,
    "clamp": 1
  },
  "decision_cutoff_raw": 0.19013524086613087,
  "decision_cutoff_proba": 0.07914857947733561,
  "decision_cutoff_rank": 0.8289385847797063,
  "oof_aucs": {
    "chemeleon": 0.9548246913580247,
    "clamp": 0.9588148148148148
  },
  "proxy_aucs": {
    "chemeleon": 0.9450172839506172,
    "clamp": 0.9382320987654321
  },
  "train_aucs": {
    "chemeleon": 1.0,
    "clamp": 0.9999901234567901
  },
  "quality_aucs": {
    "chemeleon": 0.9096493827160494,
    "clamp": 0.9176395061728395
  },
  "active_descriptors": {
    "chemeleon": true,
    "clamp": true
  },
  "ad_hard_cutoffs": {
    "chemeleon": 0.052250005304813385,
    "clamp": 0.052250005304813385
  },
  "rank_error_curves": {
    "chemeleon": [
      [
        0.02487673489636749,
        0.10778236705176722,
        0.15475515177161123,
        0.18411840577860938,
        0.21723152411971847,
        0.24435323745732807,
        0.2650657868792868,
        0.28926770721332956,
        0.32047780630092804,
        0.35244754988667276,
        0.3802565927063666,
        0.41976626012481355,
        0.46412526682969185,
        0.5009395395265328,
        0.5407618796017635,
        0.6019954922723,
        0.7496143270189427,
        0.8883066132563007,
        0.9630560913660406,
        0.9952214078537733
      ],
      [
        0.02706511199646369,
        0.027566869413805973,
        0.02796510847708956,
        0.028404042971951215,
        0.02860823747775523,
        0.028982465128449448,
        0.029897935748154417,
        0.029394069271070182,
        0.03124828551264828,
        0.03177810920585012,
        0.03191123356917898,
        0.03308550268988923,
        0.03543777662960141,
        0.035347002327100446,
        0.03733021818277252,
        0.038845553633496406,
        0.06577586827256474,
        0.27713299371252686,
        0.29082756416817546,
        0.2277381393408799
      ]
    ],
    "clamp": [
      [
        0.02811482700686385,
        0.07581575422290987,
        0.11368457346099203,
        0.15050804014619557,
        0.17582846251070583,
        0.21085004626938572,
        0.23872427521618078,
        0.26657122164196034,
        0.30859690563906167,
        0.34804515345690507,
        0.37952885532660546,
        0.4109915120114696,
        0.4578854030491947,
        0.49515817579553273,
        0.5436814956551959,
        0.6146294543908698,
        0.7753971711824743,
        0.9100038623703186,
        0.972842262439094,
        0.9995408728630715
      ],
      [
        0.031861703670602204,
        0.03279587844595788,
        0.03342012777234138,
        0.03382480497422258,
        0.03435872418571946,
        0.034728128968261524,
        0.03540357673462263,
        0.03536375084206541,
        0.03633172315452861,
        0.036934227822426564,
        0.03748251187805385,
        0.038295191611510924,
        0.03913757220667749,
        0.04174053198298886,
        0.05034274858960599,
        0.06672962077188188,
        0.1187630602079953,
        0.33292383258782066,
        0.32442717375987973,
        0.27255542988538917
      ]
    ]
  },
  "decision_cutoff_logit": -2.4539718602181284,
  "decision_cutoff_lift": 0.7914857947733561
}