{
  "n_components": 45,
  "n_features_in": 2048,
  "n_cal_knots": 200,
  "cal_min": 2.766590118408203,
  "cal_max": 31.833370208740234,
  "scaler": "standard"
}