{
    "portfolio": [
        "lr",
        "xgb",
        "rf",
        "svc"
    ],
    "max_batch_size": 100000,
    "max_imbalance_ratio": 100,
    "num_batches": 1,
    "population_prior": 0.42923076923076925,
    "batch_priors": [
        0.42923076923076925
    ],
    "decision_cutoff_raw": 0.5074530034278532,
    "decision_cutoff_proba": 0.49715587739714984,
    "decision_cutoff_rank": 0.5909090909090908,
    "decision_cutoff_logit": -0.011376613113530339,
    "decision_cutoff_lift": 1.158248459885833
}