{
  "n_components": 14,
  "n_features_in": 217,
  "n_cal_knots": 200,
  "cal_min": 1.272723913192749,
  "cal_max": 15.660770416259766,
  "scaler": "standard"
}