{
  "n_components": 45,
  "n_features_in": 2048,
  "n_cal_knots": 200,
  "cal_min": 3.039010524749756,
  "cal_max": 30.813112258911133,
  "scaler": "standard"
}