{
  "task": "classification",
  "format": "onnx",
  "preset_name": "linear",
  "use_linear": true,
  "n_features_in": 2045,
  "classes": [
    0,
    1
  ],
  "params": {
    "C": 1.0,
    "class_weight": "balanced",
    "max_iter": 3150,
    "tol": 0.001,
    "random_state": 42,
    "use_linear": true
  },
  "profile": {
    "n_samples": 630,
    "n_features": 2045,
    "n_p_ratio": 0.3080684596577017,
    "sparsity": 0.9648511662203594,
    "is_sparse_counts": false,
    "binary_feature_fraction": 0.5711491442542788,
    "feature_signal_strength": 0.06281987004526261,
    "feature_signal_p90": 0.10781769326102066,
    "task": "classification",
    "imbalance_ratio": 9.0,
    "y_skewness": 0.0,
    "y_all_positive": false
  },
  "portfolio_scores": {
    "heuristic": NaN,
    "default": NaN,
    "linear": 1.0,
    "balanced_rbf": NaN
  },
  "decision_cutoff_raw": 0.35521614578021304,
  "decision_cutoff_raw_source": "oof_balanced_accuracy",
  "decision_cutoff_proba": 0.0880715015591136,
  "decision_cutoff_rank": 0.863275039745628,
  "decision_cutoff_logit": -2.337412583886883,
  "calibrator": {
    "method": "platt",
    "coef": 8.307067828382074,
    "intercept": -5.288217200619568
  },
  "ranker": {
    "knots": [
      0.07463839527629021,
      0.07682886350492459,
      0.08432249799865815,
      0.0887046279687435,
      0.08924470081113738,
      0.09017886784409314,
      0.1041584049532589,
      0.10819893649775199,
      0.11317408842158408,
      0.11414673140766472,
      0.11769647358106282,
      0.11845767527264994,
      0.12001231902692538,
      0.12550099822807825,
      0.12594656577683566,
      0.1270594485595256,
      0.12990323777637028,
      0.1310515915728589,
      0.13312867482292723,
      0.13461431230907087,
      0.13589199676846458,
      0.1359544156299896,
      0.13614350743754675,
      0.13717538239715735,
      0.13740061257397052,
      0.13761517129267717,
      0.13831621721302545,
      0.14381329508087387,
      0.145304323449768,
      0.14636051990145432,
      0.15030640212192076,
      0.15061508456502695,
      0.15088723981910515,
      0.15227109959398316,
      0.1537320265285613,
      0.15408914096329307,
      0.15698069304398507,
      0.15742661534580868,
      0.15976240036463438,
      0.16042755857688415,
      0.1620003511319197,
      0.16236267337070415,
      0.16244527569288947,
      0.1626719989806971,
      0.1635439638815823,
      0.1636427527955449,
      0.16470938636183383,
      0.16524187598906742,
      0.16526569097599023,
      0.1662809416273324,
      0.16680891211056753,
      0.16707269213024262,
      0.16859951473319265,
      0.16934284294316718,
      0.17095409984328883,
      0.17126924677091449,
      0.1729604531362091,
      0.17304895789659352,
      0.17314469326634244,
      0.17510221251069408,
      0.1754501465173145,
      0.17554984026312723,
      0.1764536181615479,
      0.17648312529988278,
      0.1773171337624635,
      0.17774150796338437,
      0.17775702750556027,
      0.1778067938702187,
      0.1781014659041727,
      0.17879846685401993,
      0.17890786918330512,
      0.17975510733969002,
      0.18018522953522434,
      0.18050788867228323,
      0.18149177697722446,
      0.18155033078198204,
      0.18172584328132277,
      0.1827381308301619,
      0.18289937181043114,
      0.1832207303584216,
      0.18342316285046187,
      0.18364803446981748,
      0.18442472361711987,
      0.18511829832525106,
      0.18567327903850053,
      0.18577886081393163,
      0.18644166301173878,
      0.18712996591637449,
      0.1871455608290348,
      0.18726714746969772,
      0.18765265081520183,
      0.187863849775425,
      0.18817903224810364,
      0.18827250523177105,
      0.18827386761252032,
      0.18831256330065346,
      0.18832208857536523,
      0.18897872248634356,
      0.18973815301739289,
      0.1904451756500671,
      0.19082124457326044,
      0.19220442925995795,
      0.19262350320612062,
      0.19306992281745966,
      0.19359973080881726,
      0.19415059152599926,
      0.1941994894265153,
      0.19422166141719976,
      0.19473332852817735,
      0.19490318862676762,
      0.19525279187974515,
      0.19543917942787425,
      0.19544286265903135,
      0.19550162430920076,
      0.195853378821632,
      0.19614673006955696,
      0.19632063616968976,
      0.19669561837896216,
      0.19683531804616589,
      0.19749959852575127,
      0.19760893528737228,
      0.1990596914318017,
      0.19935657258120396,
      0.19990555191299708,
      0.20023323145499558,
      0.20088626051760394,
      0.20093963099444398,
      0.2009587610612928,
      0.20122260722706045,
      0.20185162673034268,
      0.20209455475176547,
      0.20255141771251892,
      0.20283151550783843,
      0.20303696449255015,
      0.20314284035246108,
      0.20323168392434357,
      0.2032860298692907,
      0.20338227313862622,
      0.20410622871873532,
      0.20466922301384338,
      0.2049174831713434,
      0.20496201439933054,
      0.2059557182063405,
      0.20644479119141015,
      0.20669406852489847,
      0.20681998533980017,
      0.20775583951879503,
      0.2078549441662055,
      0.2078972528264092,
      0.20794127540828125,
      0.20831206928700674,
      0.2085032886374782,
      0.20886338913824506,
      0.20919737635293972,
      0.20965742914565674,
      0.20973347537175543,
      0.20986448966612983,
      0.2106289167098455,
      0.21070528283920353,
      0.21088192923037613,
      0.21110968028300858,
      0.21113241976782787,
      0.21318405406135854,
      0.21336954923862878,
      0.213588939097284,
      0.21406567531266074,
      0.2141444122070866,
      0.21431497435169924,
      0.21451648492632777,
      0.21469338172079552,
      0.21514715936705042,
      0.21520227328591723,
      0.2152952800286937,
      0.21576752913241967,
      0.21607754153638925,
      0.2161310641776987,
      0.2162249710204855,
      0.21628008178581734,
      0.21642521586037133,
      0.21646756530003408,
      0.2165372250882393,
      0.21679043318300287,
      0.21829098937126476,
      0.21831775191384734,
      0.21887336926698783,
      0.2194273405938688,
      0.21961635914503574,
      0.2196744974058901,
      0.21981251669952476,
      0.22116250027055892,
      0.22128070050147947,
      0.2214274071959138,
      0.22185941489766234,
      0.22259136736521318,
      0.22262869164299595,
      0.22276095528664125,
      0.22295827529503812,
      0.22302356520224353,
      0.22325279726159697,
      0.22376061109148493,
      0.22396479389018362,
      0.2242373365836834,
      0.22435181573812307,
      0.22451506090440565,
      0.2247862091397637,
      0.2251260662999354,
      0.22538366449814795,
      0.22549066024023626,
      0.22573088233534935,
      0.22574050925006048,
      0.22579112022212497,
      0.22627672415926198,
      0.2263200840569519,
      0.22647696559448877,
      0.22672554443204113,
      0.22702247179395751,
      0.227162298164561,
      0.22726872483276533,
      0.22738920259662626,
      0.22780427971148703,
      0.22790353891513698,
      0.228241388518632,
      0.2283198576115535,
      0.22896730248425612,
      0.2290464622667006,
      0.22932005642797043,
      0.2293666395631877,
      0.22947630620801732,
      0.22961970429255196,
      0.22973867427954064,
      0.2300044240423889,
      0.2303625746035326,
      0.2304966938344075,
      0.23125275980277687,
      0.23141216271235196,
      0.23143904930936618,
      0.23153231704034977,
      0.23180755169327102,
      0.23185062974749532,
      0.232016442916332,
      0.23257527261127323,
      0.23313737834319573,
      0.2333049546397162,
      0.23383901399750606,
      0.23388906331889095,
      0.2340747555026281,
      0.23427315383054367,
      0.23465333929992657,
      0.23504186016109843,
      0.23520482384446015,
      0.23588265806992875,
      0.23591115273097293,
