{
  "task": "classification",
  "format": "onnx",
  "preset_name": "default",
  "best_iteration": 99,
  "params": {
    "tree_method": "hist",
    "device": "cpu",
    "learning_rate": 0.3,
    "max_depth": 6,
    "min_child_weight": 1,
    "subsample": 1.0,
    "colsample_bytree": 1.0,
    "reg_alpha": 0.0,
    "reg_lambda": 1.0,
    "max_bin": 256,
    "n_estimators": 2000,
    "early_stopping_rounds": 50,
    "nthread": 64,
    "objective": "binary:logistic",
    "scale_pos_weight": 9.0,
    "eval_metric": "auc"
  },
  "profile": {
    "n_samples": 630,
    "n_features": 2045,
    "n_p_ratio": 0.3080684596577017,
    "sparsity": 0.9648511662203594,
    "is_sparse_counts": false,
    "binary_feature_fraction": 0.5711491442542788,
    "feature_signal_strength": 0.06281987004526261,
    "feature_signal_p90": 0.10781769326102066,
    "task": "classification",
    "imbalance_ratio": 9.0,
    "y_skewness": 0.0,
    "y_all_positive": false
  },
  "portfolio_scores": {
    "flaml": NaN,
    "autogluon": NaN,
    "heuristic": 0.9981069958847737,
    "default": 0.9988477366255144
  },
  "decision_cutoff_raw": 0.02492157369852066,
  "decision_cutoff_raw_source": "oof_balanced_accuracy",
  "decision_cutoff_proba": 0.02111145599825149,
  "decision_cutoff_rank": 0.8616852146263911,
  "decision_cutoff_logit": -3.8366019578187243,
  "calibrator": {
    "method": "platt",
    "coef": 5.744790127401697,
    "intercept": -3.9797711683612995
  },
  "ranker": {
    "knots": [
      6.24775275355205e-05,
      7.261733117047697e-05,
      7.409149839077145e-05,
      7.557635399280116e-05,
      7.756975537631661e-05,
      8.154521492542699e-05,
      8.727649401407689e-05,
      8.747254469199106e-05,
      8.800357318250462e-05,
      8.958497346611694e-05,
      9.297279757447541e-05,
      9.949360537575558e-05,
      9.964779746951535e-05,
      9.964779746951535e-05,
      9.964779746951535e-05,
      0.00010266289609717205,
      0.00010379331797594205,
      0.00010391156683908775,
      0.00010464381193742156,
      0.00010483667574590072,
      0.00010528549319133162,
      0.00010533008025959134,
      0.00010569733422016725,
      0.00010585841664578766,
      0.00010631749319145456,
      0.00010763410682557151,
      0.00010797931463457644,
      0.00010871845734072849,
      0.00010875214502448216,
      0.00010882445349125192,
      0.00010974723409162834,
      0.00010974723409162834,
      0.00011001410894095898,
      0.00011001410894095898,
      0.00011060283577535301,
      0.00011116005771327764,
      0.00011135792010463774,
      0.00011218091822229326,
      0.00011254703713348135,
      0.00011361033102730289,
      0.000113692156446632,
      0.00011542728316271678,
      0.00011851236195070669,
      0.00011893452756339684,
      0.00011982676369370893,
      0.00012129457900300622,
      0.00012505875201895833,
      0.0001256106625078246,
      0.00012565402721520513,
      0.00012987865193281323,
      0.00013057592150289565,
      0.00013112228771205992,
      0.00013272312935441732,
      0.00013440399197861552,
      0.00013495943858288229,
      0.0001350004895357415,
      0.00013528528506867588,
      0.00013603660045191646,
      0.000140465926961042,
      0.00014117624959908426,
      0.00014544355508405715,
      0.00014595327957067639,
      0.00014619062130805105,
      0.00014806617400608957,
      0.00014857685891911387,
      0.00014872371684759855,
      0.00015122928016353399,
      0.00015183324285317212,
      0.00015213164442684501,
      0.00015409293700940907,
      0.00015666444960515946,
      0.00015678205818403512,
      0.00015686085680499673,
      0.00015734111366327852,
      0.00015734111366327852,
      0.00015772836923133582,
      0.00015966662613209337,
      0.00016174417396541685,
      0.00016315840184688568,
      0.00016394484555348754,
      0.00016394484555348754,
      0.0001646319287829101,
      0.0001664904411882162,
      0.00016712189244572073,
      0.00016827591753099114,
      0.00016968089039437473,
      0.00017013160686474293,
      0.00017109305190388113,
      0.00017109305190388113,
      0.00017109305190388113,
      0.0001731809607008472,
      0.0001733463432174176,
      0.0001735451223794371,
      0.0001742169406497851,
      0.00017566951282788068,
      0.0001764642511261627,
      0.00017739026225171983,
      0.00017763415235094726,
      0.000178211135789752,
      0.00018060121510643512,
      0.00018170288240071386,
      0.00018248923879582435,
      0.00018365475989412516,
      0.0001845882216002792,
      0.00018601457122713327,
      0.00018607063975650817,
      0.00018620835908222944,
      0.00018674711463972926,
      0.00018704561807680875,
      0.00018774298951029778,
      0.00018775677017401904,
      0.00019011706172022969,
      0.00019127804262097925,
      0.00019146253180224448,
      0.00019206297292839736,
      0.00019206297292839736,
      0.00019206297292839736,
      0.00019334697572048753,
      0.0001934389874804765,
      0.00019376831187400967,
      0.00019707826140802354,
      0.00019738705304916948,
      0.0001973966573132202,
      0.00019814529514405876,
      0.00019853106641676277,
      0.00019989526481367648,
      0.0002002562105190009,
      0.00020152557408437133,
      0.00020157074322924018,
      0.00020273648260626942,
      0.00020495451462920755,
      0.0002052572526736185,
      0.0002054164360743016,
      0.00020601466530933976,
      0.00020921177929267287,
      0.00021050516807008535,
      0.00021137282601557672,
      0.00021349939925130457,
      0.00021408034081105143,
      0.00021491335064638406,
      0.0002167694183299318,
      0.00021810787438880652,
      0.0002183725591748953,
      0.00021858670515939593,
      0.0002194794942624867,
      0.00021966393978800625,
      0.00022221921244636178,
      0.00022288422042038292,
      0.0002233931445516646,
      0.00022570624423678964,
      0.00022595925838686526,
      0.0002266618248540908,
      0.0002271553094033152,
      0.00022885139333084226,
      0.0002297924511367455,
      0.00023000332294031978,
      0.00023091433104127645,
      0.00023105704167392105,
      0.00023393164156004786,
      0.00023525510914623737,
      0.00023937146761454642,
      0.00023947740555740893,
      0.0002408689761068672,
      0.00024200636835303158,
      0.00024306756677106023,
      0.0002444128622300923,
      0.00024478553677909076,
      0.00024929834762588143,
      0.00024929834762588143,
      0.0002507752215024084,
      0.0002522307331673801,
      0.0002537965774536133,
      0.0002543149166740477,
      0.0002563063462730497,
      0.000257954525295645,
      0.00025911995908245444,
      0.00025968236150220037,
      0.00026213782257400453,
      0.00026299324235878885,
      0.0002671555557753891,
      0.00026785515365190804,
      0.00027012068312615156,
      0.0002710073022171855,
      0.0002744821540545672,
      0.00027676441823132336,
      0.00028026121435686946,
      0.00028051596018485725,
      0.0002805678523145616,
      0.0002806697739288211,
      0.00028434846899472177,
      0.0002853951882570982,
      0.00028751668287441134,
      0.00028775553801096976,
      0.0002911304181907326,
      0.00029154206276871264,
      0.00029360229382291436,
      0.00029420136706903577,
      0.00029742883634753525,
      0.00029791812994517386,
      0.0003039118892047554,
      0.0003041684103664011,
      0.00030655445880256593,
      0.00030754803447052836,
      0.0003086651267949492,
      0.0003096492728218436,
      0.0003100696485489607,
      0.0003108475066255778,
      0.00031144372769631445,
      0.00031190551817417145,
      0.000313396769342944,
      0.00031452401890419424,
      0.00031658567604608834,
      0.00031713940552435815,
      0.00031835053232498467,
      0.000319706421578303,
      0.00032106228172779083,
      0.0003212267183698714,
      0.00032162904972210526,
      0.0003245098050683737,
