{
  "n_components": 45,
  "n_features_in": 2048,
  "n_cal_knots": 200,
  "cal_min": 3.18208909034729,
  "cal_max": 24.61467933654785,
  "scaler": "standard"
}