{
  "n_components": 45,
  "n_features_in": 2048,
  "n_cal_knots": 200,
  "cal_min": 2.4781551361083984,
  "cal_max": 30.27471351623535,
  "scaler": "standard"
}