{
  "n_components": 45,
  "n_features_in": 2048,
  "n_cal_knots": 200,
  "cal_min": 1.5843455791473389,
  "cal_max": 30.1082820892334,
  "scaler": "standard"
}