{
  "mode": "slow",
  "descriptor_types": [
    "chemeleon",
    "clamp",
    "rdkit"
  ],
  "n_compounds": 1872,
  "n_actives": 66,
  "ratio_actives": 0.035256410256410256,
  "population_prior": 0.035256410256410256,
  "portfolio": [
    "lr",
    "xgb",
    "rf",
    "svc"
  ],
  "num_batches": {
    "chemeleon": 1,
    "clamp": 1,
    "rdkit": 1
  },
  "decision_cutoff_raw": 0.16453473473134403,
  "decision_cutoff_proba": 0.03524353997082244,
  "decision_cutoff_rank": 0.9063038185165389,
  "oof_aucs": {
    "chemeleon": 0.9552501761804089,
    "clamp": 0.9762575925366623,
    "rdkit": 0.9566344508204973
  },
  "proxy_aucs": {
    "chemeleon": 0.9451995033390382,
    "clamp": 0.9767777442196046,
    "rdkit": 0.9457280445652538
  },
  "train_aucs": {
    "chemeleon": 1.0,
    "clamp": 1.0,
    "rdkit": 1.0
  },
  "quality_aucs": {
    "chemeleon": 0.9105003523608177,
    "clamp": 0.9525151850733247,
    "rdkit": 0.9132689016409945
  },
  "active_descriptors": {
    "chemeleon": true,
    "clamp": true,
    "rdkit": true
  },
  "ad_hard_cutoffs": {
    "chemeleon": 0.05000000074505806,
    "clamp": 0.054999999701976776,
    "rdkit": 0.05275001376867294
  },
  "rank_error_curves": {
    "chemeleon": [
      [
        0.21441807257474457,
        0.25801806078913914,
        0.29002609810164376,
        0.31649053077548167,
        0.34419553219057564,
        0.3681597675440681,
        0.3904172975431486,
        0.41170484425751075,
        0.436462348344261,
        0.4566309766471982,
        0.4814291691801576,
        0.5096548636005692,
        0.5339606246984352,
        0.5629972547938209,
        0.6092474744588894,
        0.643897097521015,
        0.69615653136478,
        0.7661302175822795,
        0.9097033006016868,
        0.9994574677562807
      ],
      [
        0.014109248234571676,
        0.014388132082503826,
        0.014572826730217337,
        0.014754178270233273,
        0.014911234846594665,
        0.0150802539660817,
        0.015342684428935412,
        0.015795934576406982,
        0.01574725639912109,
        0.016154963643839917,
        0.016235772894256845,
        0.01665654509531476,
        0.016870024349684824,
        0.017168018277007976,
        0.017698998130579385,
        0.018317264447667958,
        0.01920041484874698,
        0.026078090140627806,
        0.11233982599984499,
        0.2985704189710332
      ]
    ],
    "clamp": [
      [
        0.10994305833234648,
        0.17511873808450346,
        0.21480555167208837,
        0.2473009824144878,
        0.2806927967073957,
        0.3099058582525869,
        0.3413568266549628,
        0.3696852913002577,
        0.3972332440405248,
        0.4307747473821833,
        0.4629643696148768,
        0.4958418210121384,
        0.5293965702499599,
        0.5637323049055393,
        0.6043468524662287,
        0.6465136047259996,
        0.7067204713835646,
        0.7809274549805542,
        0.902061198230795,
        0.9988322879819913
      ],
      [
        0.011408773906654342,
        0.011575580374842222,
        0.011671694107355465,
        0.011815750602276517,
        0.01212401418698235,
        0.012732435435672177,
        0.012480350514968994,
        0.012644646335770547,
        0.012757986145944372,
        0.013145760396668786,
        0.013288489204836926,
        0.013546215230071861,
        0.014171220997884927,
        0.014709713792627074,
        0.016043505768607802,
        0.016572386724140676,
        0.0210804541326262,
        0.031897105578132315,
        0.14237163969551556,
        0.2982480710372503
      ]
    ],
    "rdkit": [
      [
        0.15773132574571286,
        0.22482170647280053,
        0.26052018483904016,
        0.28929045556821403,
        0.31793219758241786,
        0.3456722787929666,
        0.37840435034536796,
        0.4073162262719724,
        0.42966535942632217,
        0.45401096953717,
        0.4843063439107754,
        0.5202394305151308,
        0.550125804634181,
        0.5831836563137065,
        0.6293750143827481,
        0.6771093165230173,
        0.7286563663462158,
        0.7833411856030463,
        0.8919442137614555,
        0.9986757560150856
      ],
      [
        0.011481926849283196,
        0.011813907237735627,
        0.012116917044812834,
        0.012292975819541158,
        0.01256813093078398,
        0.012744185145433922,
        0.01353607906367185,
        0.01380900210696958,
        0.014505360315394284,
        0.014774849069812938,
        0.015752783574991207,
        0.016239633350427624,
        0.01732517674548828,
        0.017054356722564078,
        0.018326198915909996,
        0.02320446086892364,
        0.026100582421665908,
        0.03001378876330023,
        0.12374049442923765,
        0.3216328165308716
      ]
    ]
  },
  "decision_cutoff_logit": -3.309593447236357,
  "decision_cutoff_lift": 0.9996349518996911
}