{
  "n_components": 45,
  "n_features_in": 2048,
  "n_cal_knots": 200,
  "cal_min": 2.643242359161377,
  "cal_max": 50.214744567871094,
  "scaler": "standard"
}