{
  "task": "classification",
  "format": "onnx",
  "preset_name": "default",
  "use_linear": false,
  "n_features_in": 158,
  "classes": [
    0,
    1
  ],
  "params": {
    "C": 1.0,
    "kernel": "rbf",
    "gamma": "scale",
    "class_weight": "balanced",
    "max_iter": 3350,
    "tol": 0.001,
    "random_state": 42,
    "use_linear": false
  },
  "profile": {
    "n_samples": 670,
    "n_features": 158,
    "n_p_ratio": 4.2405063291139244,
    "sparsity": 0.4489136595503495,
    "is_sparse_counts": false,
    "binary_feature_fraction": 0.10759493670886076,
    "feature_signal_strength": 0.12634450743026246,
    "feature_signal_p90": 0.25218925749237264,
    "task": "classification",
    "imbalance_ratio": 9.0,
    "y_skewness": 0.0,
    "y_all_positive": false
  },
  "portfolio_scores": {
    "heuristic": 0.9575308641975309,
    "default": 0.9575308641975309,
    "linear": 0.9708641975308642,
    "balanced_rbf": 0.9575308641975309
  },
  "decision_cutoff_raw": 0.7311128567476599,
  "decision_cutoff_raw_source": "oof_balanced_accuracy",
  "decision_cutoff_proba": 0.10283086452779924,
  "decision_cutoff_rank": 0.695067264573991,
  "decision_cutoff_logit": -2.1661588545536428,
  "calibrator": {
    "method": "platt",
    "coef": 1.2497855105232893,
    "intercept": -3.0798931094741575
  },
  "ranker": {
    "knots": [
      0.23789655660249093,
      0.25505112165686433,
      0.2569162487232554,
      0.2602996328255433,
      0.26189689762314267,
      0.26209994540517695,
      0.26443274825204915,
      0.2647462559582898,
      0.26486920364623406,
      0.2648835447447105,
      0.26534408583519153,
      0.26535155684490214,
      0.2655332764930685,
      0.26567491778260166,
      0.2656816122074147,
      0.2658466501243583,
      0.26609124654971933,
      0.2662108300093863,
      0.266797234840943,
      0.2668011744278796,
      0.2668070332413398,
      0.2668396313973497,
      0.2674820889725327,
      0.2675917230846801,
      0.2676621356297676,
      0.26771514346744,
      0.267744983040204,
      0.26786320306622524,
      0.2679845701320422,
      0.26806273398164016,
      0.2681717227973709,
      0.2681885199458606,
      0.26839824235267334,
      0.2684630772348627,
      0.26856457998836536,
      0.2686044662862635,
      0.26886428757130215,
      0.2689390934225343,
      0.26900699534800976,
      0.26916617888514427,
      0.2692163221189353,
      0.2692597299342978,
      0.2759428761184931,
      0.30515986097347675,
      0.5119951713294759,
      0.7310363767787361,
      0.7310412893500932,
      0.7310423370136071,
      0.7310431065065256,
      0.7310435644376201,
      0.731043721497149,
      0.7310443082436593,
      0.7310443770847305,
      0.7310446364787556,
      0.7310446741053408,
      0.731045646761729,
      0.7310456487642198,
      0.7310459643905285,
      0.7310459710751308,
      0.7310462758499019,
      0.7310469408879583,
      0.7310469665327298,
      0.731047565939481,
      0.7310484259171067,
      0.7310484285156135,
      0.7310486447681362,
      0.7310488224265762,
      0.7310489564149678,
      0.7310490424681291,
      0.731049114611279,
      0.731049472090254,
      0.7310495504826928,
      0.7310495939286525,
      0.7310496798480746,
      0.7310498943434962,
      0.7310499961748022,
      0.7310499962981404,
      0.7310501307585582,
      0.7310502699490528,
      0.7310503061770746,
      0.731050891696031,
      0.7310509032109996,
      0.7310514186972482,
      0.7310515038419709,
      0.73105158251937,
      0.7310518398810488,
      0.7310519912470332,
      0.7310520954937404,
      0.731052199997899,
      0.7310525430922554,
      0.731052625385406,
      0.7310528230182977,
      0.7310528477079395,
      0.7310528595417721,
      0.7310529053106267,
      0.7310529165966234,
      0.7310530435417587,
      0.7310530678328684,
      0.7310532312260358,
      0.7310532866207514,
      0.7310537299255062,
      0.7310537663409449,
      0.731053799540167,
      0.7310541985190981,
      0.7310542291601989,
      0.7310542655674751,
      0.7310542973244138,
      0.7310545603076438,
      0.7310546706269047,
      0.7310547210020173,
      0.7310547623879879,
      0.7310550060892277,
      0.7310552496650854,
      0.7310552583047549,
      0.7310553386604185,
      0.7310554261165801,
      0.731055488002117,
      0.7310555270221691,
      0.7310556916056606,
      0.7310557963051928,
      0.7310560868040619,
      0.7310561598697045,
      0.7310562791885834,
      0.7310564076781338,
      0.7310565054548351,
      0.731056540597042,
      0.7310566460115169,
      0.7310566514706756,
      0.7310566621224407,
      0.731056774715001,
      0.7310567839926302,
      0.7310568118724943,
      0.731056822427112,
      0.7310570966756017,
      0.7310572334374354,
      0.7310578978642764,
      0.7310580620711613,
      0.7310581365921541,
      0.7310584578391703,
      0.7310585042201588,
      0.7310586000608823,
      0.7310587177922845,
      0.7310587721707416,
      0.7310587875945074,
      0.7310594988148483,
      0.7310595026666182,
      0.7310595336575485,
      0.7310595952906228,
      0.7310597590421025,
      0.7310597675153119,
      0.7310597866794619,
      0.7310598191824573,
      0.7310598642999421,
      0.7310602214209655,
      0.7310603770777557,
      0.7310604791524848,
      0.7310605615286627,
      0.7310611969025793,
      0.7310618387905341,
      0.731062246036076,
      0.7310625923365922,
      0.7310626222242038,
      0.7310627073147618,
      0.7310628206520517,
      0.7310628872212902,
      0.7310629505709789,
      0.7310631581493691,
      0.7310634362082854,
      0.73106348095525,
      0.7310637829214793,
      0.7310637980583903,
      0.731063840991499,
      0.7310638930030878,
      0.7310639451873129,
      0.7310639654461737,
      0.7310640531669395,
      0.7310640560246037,
      0.7310641712825823,
      0.7310642385386124,
      0.7310642423946602,
      0.731064371503198,
      0.7310644560223991,
      0.7310644658999864,
      0.7310644707342335,
      0.7310645736898189,
      0.7310645803791193,
      0.731064727260108,
      0.7310648002531352,
      0.7310649663775948,
      0.7310650647462869,
      0.7310651171988927,
      0.7310652042256984,
      0.731065327633694,
      0.7310653403302176,
      0.7310654480574481,
      0.7310654534320797,
      0.7310654877641765,
      0.7310655315802271,
      0.7310655683806081,
      0.7310655827419988,
      0.7310656228346063,
      0.7310656918008324,
      0.7310657218198531,
      0.7310658126053314,
      0.7310658871439997,
      0.7310659362659049,
      0.7310659946753358,
      0.7310660998100262,
      0.7310661920104089,
      0.7310661982747895,
      0.7310662056818621,
      0.7310662145303904,
      0.7310662334149863,
      0.7310663001154039,
      0.731066325696324,
      0.7310663696160123,
      0.7310664199583689,
      0.731066425805982,
      0.7310664835106464,
      0.7310667840433046,
      0.7310668723390563,
      0.7310669496209244,
      0.7310669866772429,
      0.7310670306683436,
      0.7310670306683436,
      0.7310670306683436,
      0.7310670382604675,
      0.7310671376365793,
      0.7310673033444266,
      0.731067389519297,
      0.7310674042244217,
      0.7310675531596494,
      0.7310675734559609,
      0.7310676840485676,
      0.7310678345186,
      0.7310679039481265,
      0.7310680107723964,
      0.7310681640409159,
      0.7310682918364846,
      0.7310683072069395,
      0.7310683945975031,
      0.7310683958430677,
      0.7310685180635295,
      0.7310685977063942,
      0.7310686519643596,
      0.7310689796242615,
      0.7310691661321359,
      0.7310692520973386,
      0.7310692817050367,
      0.7310693070673913,
      0.731069477019826,
      0.7310697454247606,
      0.7310698949469384,
      0.7310700766892564,
      0.7310701626691593,
      0.731070251956796,
