{
    "portfolio": [
        "xgb",
        "rf",
        "svc"
    ],
    "max_batch_size": 100000,
    "max_imbalance_ratio": 100,
    "num_batches": 1,
    "population_prior": 0.1,
    "batch_priors": [
        0.1
    ],
    "decision_cutoff_raw": 0.22733036960107,
    "decision_cutoff_proba": 0.08423476489183777,
    "decision_cutoff_rank": 0.8602860286028603,
    "decision_cutoff_logit": -2.386152317539276,
    "decision_cutoff_lift": 0.8423476489183777
}