{
  "n_components": 45,
  "n_features_in": 2048,
  "n_cal_knots": 200,
  "cal_min": 2.825094223022461,
  "cal_max": 38.21351623535156,
  "scaler": "standard"
}