{
  "n_components": 27,
  "n_features_in": 768,
  "n_cal_knots": 200,
  "cal_min": 3.084073781967163,
  "cal_max": 10.768861770629883,
  "scaler": "standard"
}