{
  "task": "classification",
  "format": "onnx",
  "preset_name": "balanced_rbf",
  "use_linear": false,
  "n_features_in": 1783,
  "classes": [
    0,
    1
  ],
  "params": {
    "C": 12.6886,
    "kernel": "rbf",
    "gamma": "scale",
    "class_weight": "balanced",
    "max_iter": 3175,
    "tol": 0.001,
    "random_state": 42,
    "use_linear": false
  },
  "profile": {
    "n_samples": 635,
    "n_features": 1783,
    "n_p_ratio": 0.35614133482894,
    "sparsity": 0.0,
    "is_sparse_counts": false,
    "binary_feature_fraction": 0.0,
    "feature_signal_strength": 0.10120234629405533,
    "feature_signal_p90": 0.2028966983356538,
    "task": "classification",
    "imbalance_ratio": 2.9440993788819876,
    "y_skewness": 0.0,
    "y_all_positive": false
  },
  "portfolio_scores": {
    "heuristic": 0.78125,
    "default": 0.7799479166666666,
    "linear": 0.7473958333333334,
    "balanced_rbf": 0.8072916666666666
  },
  "decision_cutoff_raw": 0.42840469765513994,
  "decision_cutoff_raw_source": "oof_balanced_accuracy",
  "decision_cutoff_proba": 0.2749287927315169,
  "decision_cutoff_rank": 0.7003154574132492,
  "decision_cutoff_logit": -0.9697577383385302,
  "calibrator": {
    "method": "platt",
    "coef": 6.614066440212898,
    "intercept": -3.803254871928945
  },
  "ranker": {
    "knots": [
      0.08411671128143706,
      0.08658293563271827,
      0.08771129945074245,
      0.09676883569529217,
      0.11775299231872366,
      0.12034929603700929,
      0.13100767326952506,
      0.13303217967617156,
      0.1340098770138463,
      0.13447763893323914,
      0.1362476980836561,
      0.14234923285756101,
      0.14346024046033298,
      0.14368856661011056,
      0.15051281065886368,
      0.15262629787749815,
      0.15279033049084964,
      0.15515027404211312,
      0.15624332788160114,
      0.15673452973432217,
      0.1586096574660211,
      0.1616498805875619,
      0.1639642675542725,
      0.16470257313608827,
      0.16543402444422817,
      0.16668054542950875,
      0.1675296825385035,
      0.16769220389858153,
      0.16790742522408666,
      0.16858774495324777,
      0.1686987215607841,
      0.16946238685571874,
      0.17012757911461254,
      0.1704371606789839,
      0.17253500219717846,
      0.1755474925686129,
      0.17580597190023456,
      0.18262384694060094,
      0.1831769439970698,
      0.18327639860087225,
      0.18377439052733915,
      0.184943099235124,
      0.18506586486070925,
      0.18609889661327875,
      0.18618634144558946,
      0.18834595995339706,
      0.189306994612388,
      0.1896688170279449,
      0.19114443334251183,
      0.1913396999198327,
      0.19186913036562928,
      0.19200281517331608,
      0.19286705732704612,
      0.19465254591906533,
      0.19489148902553277,
      0.19642293305880007,
      0.19645581269692006,
      0.1969425388119569,
      0.1971029547330044,
      0.19764877463857689,
      0.19864825063614244,
      0.19896997973218283,
      0.20001747419370383,
      0.20525885165791566,
      0.20584506906050884,
      0.2067342471545146,
      0.20876362166039833,
      0.20959078584432692,
      0.20998936539216106,
      0.21150635257522749,
      0.21199538246263194,
      0.212480552872908,
      0.21281038140680583,
      0.21336933186242846,
      0.2141710517325801,
      0.21551153027446315,
      0.21807160443361134,
      0.21813863583498988,
      0.21839207275629816,
      0.21888141584806753,
      0.21985713495771478,
      0.2203001546656898,
      0.22277166424605252,
      0.2229819371278034,
      0.22323224714626136,
      0.22335052503555655,
      0.22489665054995853,
      0.2254173433938764,
      0.22644289983226468,
      0.2265753507639454,
      0.2274327664505002,
      0.22763024554026481,
      0.2278239397415784,
      0.22891328540063285,
      0.2289741163264229,
      0.2294842752321099,
      0.2295428135465567,
      0.22977413181960968,
      0.23017552926528945,
      0.23059370878979515,
      0.2306835606371393,
      0.23069714624937873,
      0.23096007644250852,
      0.23115638492404453,
      0.23124760600891112,
      0.2326658699779882,
      0.23270500370016123,
      0.23368769399637146,
      0.23371392976040017,
      0.23517085753588932,
      0.23582018869318203,
      0.23586431678222008,
      0.2364189874730934,
      0.2373978945048802,
      0.23787777386717973,
      0.23789746424485067,
      0.23795963087612154,
      0.23827249352483412,
      0.2393427102282618,
      0.24000314484065868,
      0.2412632501117801,
      0.24191055962702665,
      0.24220263340618037,
      0.24243278092880413,
      0.24283108297656952,
      0.2430116957818242,
      0.24304469662790668,
      0.24320583868258727,
      0.24365666576144762,
      0.24368972896111316,
      0.24370630515924724,
      0.2439999670402244,
      0.2450195682698914,
      0.24510903417720012,
      0.24515939053214875,
      0.2452858189347462,
      0.24544340845914095,
      0.24694796842575745,
      0.24790274592228,
      0.24797743626668645,
      0.24899081750583738,
      0.24910572301229217,
      0.24923201153521182,
      0.24963284470022645,
      0.24966881604292754,
      0.249978342536056,
      0.250009767645997,
      0.2500307436033422,
      0.25048014612822345,
      0.2507666340485003,
      0.25081127981604096,
      0.2514977125967455,
      0.2515698877046226,
      0.2522005278644186,
      0.25238932013916915,
      0.25273550277974804,
      0.2528661810157121,
      0.2535346061854068,
      0.2542255209795542,
      0.2542922354048474,
      0.2547806722296164,
      0.2549217064434139,
      0.25498187698348207,
      0.2550966357440178,
      0.2552974845128323,
      0.2553312190412766,
      0.25551524327794406,
      0.25589203562535395,
      0.2563737799931167,
      0.2567809662909477,
      0.25796967005444116,
      0.2584615717816288,
      0.2592706081069652,
      0.25968770960301235,
      0.2597321297971657,
      0.26106623163129034,
      0.26134604933193256,
      0.2615436875923781,
      0.2618171732573203,
      0.2619238517460789,
      0.2629389490601146,
      0.26335389431193934,
      0.2637296997780047,
      0.2642215816375464,
      0.2643987303271267,
      0.2646372000448744,
      0.2646517583991609,
      0.2652132145333743,
      0.26581767218351104,
      0.2658356813872824,
      0.2660371321574163,
      0.26680352141830466,
      0.2670546271378975,
      0.26711878858661425,
      0.26729654629241034,
      0.2675682692752518,
      0.2675970431514552,
      0.2677770054323957,
      0.2679102510143391,
      0.26842857818974686,
      0.2686323628963935,
      0.2688161026209158,
      0.26892097132889975,
      0.26943050188865786,
      0.26943537488852864,
      0.2694705453534473,
      0.26977132463939635,
      0.26996913247172,
      0.27012455997935214,
      0.2702663647650848,
      0.27045366392379977,
      0.27047015448155837,
      0.2710259494177099,
      0.27103582836231743,
      0.27211989359383854,
      0.27212756471886734,
      0.27263901849699335,
      0.27274560396996644,
      0.272940937235368,
      0.27306531378486054,
      0.2733952188103911,
      0.2735632331105167,
      0.2743185530080168,
      0.27468068372054244,
      0.27471734240209106,
      0.2749955122468666,
      0.2750356758069207,
      0.2750675385694166,
      0.27521045773000574,
      0.2753486658852345,
      0.27538797641789786,
      0.27546527396433695,
      0.2755817089110841,
      0.2762699554259946,
      0.2762783693952276,
      0.27665785135681953,
      0.27669091399299,
      0.27694620885378385,
      0.2773181926657675,
      0.27773634479015086,
      0.2777913125693069,
      0.2785866956820235,
      0.2787686013584448,
      0.27959580893126396,
      0.27983110053048804,
      0.2800091094975495,
      0.2801475292442296,
      0.28041057738613656,
      0.280504288356985,
      0.28063568777963643,
      0.28123515076586253,
