{
  "task": "classification",
  "format": "onnx",
  "preset_name": "default",
  "best_iteration": 99,
  "params": {
    "tree_method": "hist",
    "device": "cpu",
    "learning_rate": 0.3,
    "max_depth": 6,
    "min_child_weight": 1,
    "subsample": 1.0,
    "colsample_bytree": 1.0,
    "reg_alpha": 0.0,
    "reg_lambda": 1.0,
    "max_bin": 256,
    "n_estimators": 2000,
    "early_stopping_rounds": 50,
    "nthread": 64,
    "objective": "binary:logistic",
    "scale_pos_weight": 2.9441,
    "eval_metric": "auc"
  },
  "profile": {
    "n_samples": 635,
    "n_features": 1783,
    "n_p_ratio": 0.35614133482894,
    "sparsity": 0.0,
    "is_sparse_counts": false,
    "binary_feature_fraction": 0.0,
    "feature_signal_strength": 0.10120234629405533,
    "feature_signal_p90": 0.2028966983356538,
    "task": "classification",
    "imbalance_ratio": 2.9440993788819876,
    "y_skewness": 0.0,
    "y_all_positive": false
  },
  "portfolio_scores": {
    "flaml": NaN,
    "autogluon": NaN,
    "heuristic": 0.8763020833333334,
    "default": 0.890625
  },
  "decision_cutoff_raw": 0.06365879625082016,
  "decision_cutoff_raw_source": "oof_balanced_accuracy",
  "decision_cutoff_proba": 0.11668149597172353,
  "decision_cutoff_rank": 0.6435331230283912,
  "decision_cutoff_logit": -2.0242378762118935,
  "calibrator": {
    "method": "platt",
    "coef": 3.638479694318978,
    "intercept": -2.255859113735292
  },
  "ranker": {
    "knots": [
      0.00010241269046673551,
      0.00013645571016240865,
      0.0001499626087024808,
      0.0001634291693335399,
      0.00017109337204601616,
      0.00019133950991090387,
      0.0002003608678933233,
      0.0002085859450744465,
      0.0002139997377526015,
      0.00021498506248462945,
      0.00022165084374137223,
      0.00023155214148573577,
      0.0002368356945225969,
      0.00024652882711961865,
      0.0002591419324744493,
      0.00025933448341675103,
      0.00026547873858362436,
      0.00027062438311986625,
      0.00028664767160080373,
      0.0002954874071292579,
      0.0003054488042835146,
      0.0003097033186350018,
      0.0003151889250148088,
      0.0003292584733571857,
      0.0003470469091553241,
      0.00035254680551588535,
      0.0003553347778506577,
      0.00036493464722298086,
      0.00036532225203700364,
      0.00037164255627430975,
      0.00037741841515526175,
      0.00038419372867792845,
      0.00039297385956160724,
      0.00040997061296366155,
      0.0004249263147357851,
      0.0004452239372767508,
      0.00044934393372386694,
      0.00045467400923371315,
      0.0004599891835823655,
      0.0004610346513800323,
      0.0004633478820323944,
      0.00047672213986516,
      0.00047691669897176325,
      0.00047716154949739575,
      0.0004775908892042935,
      0.0004930249415338039,
      0.0004956611664965749,
      0.000501002068631351,
      0.0005285494262352586,
      0.0005385661497712135,
      0.0005454421625472605,
      0.0005499575636349618,
      0.0005517808604054153,
      0.0005804155371151865,
      0.0005836385535076261,
      0.000593910226598382,
      0.0005995438550598919,
      0.0006028121570125222,
      0.0006241668597795069,
      0.0006294187041930854,
      0.0006339048850350082,
      0.0006360359839163721,
      0.0006378209800459445,
      0.0006444317405112088,
      0.0006454468239098787,
      0.0006469261134043336,
      0.0006512713152915239,
      0.0006728095468133688,
      0.0006944891065359116,
      0.0006949555827304721,
      0.0007189784082584083,
      0.0007318572024814785,
      0.0007381397299468517,
      0.0007415758445858955,
      0.000745144032407552,
      0.0007585413404740393,
      0.000778716173954308,
      0.0007791281095705926,
      0.0007892919238656759,
      0.0007931212312541902,
      0.0007967056590132415,
      0.0008053819183260202,
      0.0008149609202519059,
      0.0008169482462108135,
      0.0008244742639362812,
      0.0008544005104340613,
      0.0008674745331518352,
      0.0008841020171530545,
      0.0008986510802060366,
      0.0009025739273056388,
      0.0009105243952944875,
      0.0009135006694123149,
      0.0009397240355610847,
      0.0009628187399357557,
      0.0009640753851272166,
      0.000970282475464046,
      0.0009713660692796111,
      0.000979011645540595,
      0.0009798496030271053,
      0.0010188318556174636,
      0.0010212749475613236,
      0.0010290708160027862,
      0.0010518658673390746,
      0.0010738304117694497,
      0.001074196770787239,
      0.001093073165975511,
      0.0011226405622437596,
      0.0011276701698079705,
      0.0011286562075838447,
      0.0011435955530032516,
      0.0011590089416131377,
      0.0011601338628679514,
      0.0012020785361528397,
      0.001206297893077135,
      0.0012145171640440822,
      0.001227396889589727,
      0.0012440591817721725,
      0.0012469846988096833,
      0.0012700810329988599,
      0.0012740993406623602,
      0.0012749643065035343,
      0.0013110690051689744,
      0.0013111388543620706,
      0.0013207109877839684,
      0.0013264656299725175,
      0.0013404430355876684,
      0.0013443507486954331,
      0.001346064149402082,
      0.0013859180035069585,
      0.0013917151372879744,
      0.0014106762828305364,
      0.0014159658458083868,
      0.0014339322224259377,
      0.0014381175860762596,
      0.0014454954070970416,
      0.0014520729891955853,
      0.001456169760785997,
      0.0014752390561625361,
      0.0014792728470638394,
      0.0015278974315151572,
      0.0015466337790712714,
      0.0015525714261457324,
      0.0015563300112262368,
      0.0015575092984363437,
      0.0015651233261451125,
      0.0016050502890720963,
      0.001700879423879087,
      0.0017320753540843725,
      0.001733681419864297,
      0.0017377611948177218,
      0.0017809446435421705,
      0.0017880446976050735,
      0.0018287122948095202,
      0.001840050215832889,
      0.0018515237607061863,
      0.0018613002030178905,
      0.0018694832688197494,
      0.001894864602945745,
      0.0019010268151760101,
      0.0019016620935872197,
      0.0019047824898734689,
      0.0019233841449022293,
      0.00192410743329674,
      0.0019319226266816258,
      0.0019437725422903895,
      0.0019690943881869316,
      0.001972520723938942,
      0.0019783417228609324,
      0.0019814122933894396,
      0.001988462172448635,
      0.0019979465287178755,
      0.0020106874871999025,
      0.0020173380617052317,
      0.0020288301166146994,
      0.0021008732728660107,
      0.0021315161138772964,
      0.0021477481350302696,
      0.0021631913259625435,
      0.0021879745181649923,
      0.0022102692164480686,
      0.0022240036632865667,
      0.0022445195354521275,
      0.0022463793866336346,
      0.0023123270366340876,
      0.0023600265849381685,
      0.0024559118319302797,
      0.002458706498146057,
      0.0024753990583121777,
      0.002503806259483099,
      0.002509612590074539,
      0.0025433360133320093,
      0.0025765749160200357,
      0.0025887771043926477,
      0.0026142036076635122,
      0.0026889187283813953,
      0.002711924724280834,
      0.0027432721108198166,
      0.002753408392891288,
      0.002782390685752034,
      0.002796988934278488,
      0.0028336031828075647,
      0.0028727806638926268,
      0.002875460544601083,
      0.0028827376663684845,
      0.002933389274403453,
      0.002943738829344511,
      0.002950056456029415,
      0.002984092803671956,
      0.0030840630643069744,
      0.0030943029560148716,
      0.0031039626337587833,
      0.003119734115898609,
      0.003160603577271104,
      0.00321526313200593,
      0.00324725522659719,
      0.0032813854049891233,
      0.0032844250090420246,
      0.0033506767358630896,
      0.0033529240172356367,
      0.0033615699503570795,
      0.003407333977520466,
      0.003469772171229124,
      0.003539234632626176,
      0.0036035156808793545,
      0.0037579191848635674,
      0.003769807517528534,
