{
  "n_components": 27,
  "n_features_in": 768,
  "n_cal_knots": 200,
  "cal_min": 3.1981470584869385,
  "cal_max": 10.160181999206543,
  "scaler": "standard"
}