{
    "portfolio": [
        "lr",
        "xgb",
        "rf",
        "svc"
    ],
    "max_batch_size": 100000,
    "max_imbalance_ratio": 100,
    "num_batches": 1,
    "population_prior": 0.3963541666666667,
    "batch_priors": [
        0.3963541666666667
    ],
    "decision_cutoff_raw": 0.3321631403312742,
    "decision_cutoff_proba": 0.4289649732406742,
    "decision_cutoff_rank": 0.5373892652423137,
    "decision_cutoff_logit": -0.28607528247351666,
    "decision_cutoff_lift": 1.0822769364285079
}