{
    "portfolio": [
        "lr",
        "xgb",
        "rf",
        "svc"
    ],
    "max_batch_size": 100000,
    "max_imbalance_ratio": 100,
    "num_batches": 1,
    "population_prior": 0.3963541666666667,
    "batch_priors": [
        0.3963541666666667
    ],
    "decision_cutoff_raw": 0.3897720288349986,
    "decision_cutoff_proba": 0.42939653362358576,
    "decision_cutoff_rank": 0.5401250651380927,
    "decision_cutoff_logit": -0.2843137009208754,
    "decision_cutoff_lift": 1.0833657615733043
}