{
  "task": "classification",
  "format": "onnx",
  "preset_name": "default",
  "use_linear": false,
  "n_features_in": 2045,
  "classes": [
    0,
    1
  ],
  "params": {
    "C": 1.0,
    "kernel": "rbf",
    "gamma": "scale",
    "class_weight": "balanced",
    "max_iter": 3050,
    "tol": 0.001,
    "random_state": 42,
    "use_linear": false
  },
  "profile": {
    "n_samples": 610,
    "n_features": 2045,
    "n_p_ratio": 0.2982885085574572,
    "sparsity": 0.9626830734698786,
    "is_sparse_counts": false,
    "binary_feature_fraction": 0.5535452322738387,
    "feature_signal_strength": 0.0592623343610461,
    "feature_signal_p90": 0.1059451791054393,
    "task": "classification",
    "imbalance_ratio": 9.0,
    "y_skewness": 0.0,
    "y_all_positive": false
  },
  "portfolio_scores": {
    "heuristic": 0.977283950617284,
    "default": 0.9767901234567902,
    "linear": 0.9851851851851852,
    "balanced_rbf": 0.9817283950617284
  },
  "decision_cutoff_raw": 0.39168225175416793,
  "decision_cutoff_raw_source": "oof_balanced_accuracy",
  "decision_cutoff_proba": 0.10646305413752873,
  "decision_cutoff_rank": 0.8604269293924466,
  "decision_cutoff_logit": -2.1273896678831874,
  "calibrator": {
    "method": "platt",
    "coef": 7.602855859679202,
    "intercept": -5.1052933707647075
  },
  "ranker": {
    "knots": [
      0.23362291420567796,
      0.23418398747319338,
      0.23737218059912119,
      0.23827600587465042,
      0.23860115241501267,
      0.23941545069892675,
      0.24052782839455966,
      0.24137679111008065,
      0.2418340411980099,
      0.24436890694843097,
      0.24580362552832988,
      0.2459998011483159,
      0.24603450106963398,
      0.24611105749424672,
      0.24696968075802386,
      0.24699293106361528,
      0.24701553419514963,
      0.24760576893941438,
      0.24832872800431516,
      0.24921372724077537,
      0.2492739722899903,
      0.24951018489815197,
      0.24975111142150846,
      0.24984270032024486,
      0.24986587237799562,
      0.24992665366190633,
      0.2499586547710707,
      0.2501256194798503,
      0.25028163718433,
      0.2505517555539568,
      0.25098581221965405,
      0.2512575326082949,
      0.25171274732721566,
      0.2519990450893734,
      0.2520382295461732,
      0.25250898680844863,
      0.252883868047744,
      0.25295897967464387,
      0.2531546894500596,
      0.2533171431879816,
      0.2537746665546284,
      0.2551845738042897,
      0.25527074285319623,
      0.2552776423538495,
      0.2553414186802889,
      0.2553766506606549,
      0.25540970203644026,
      0.2554203364540488,
      0.25555296575776565,
      0.25557932745168377,
      0.2557046475683883,
      0.2557866773253692,
      0.25587002582825213,
      0.2560273436151149,
      0.2561440378789455,
      0.2561610029542464,
      0.25620418466646633,
      0.2562679002933511,
      0.25632561584519264,
      0.2564120854478001,
      0.2564924633839763,
      0.25654685842552305,
      0.2570497936380642,
      0.2573324553318984,
      0.2583002896629461,
      0.2583959245303343,
      0.25866215955868427,
      0.2587203603854603,
      0.25880756139024425,
      0.25894300993236935,
      0.258976660064746,
      0.25909246850398004,
      0.25938469415459653,
      0.2597894928512876,
      0.259895813479182,
      0.25992846972655015,
      0.2599563078165439,
      0.26007209342326826,
      0.26010084672084194,
      0.2602205361603124,
      0.2605596523757532,
      0.2605967867468542,
      0.26076916425916596,
      0.26100441000982144,
      0.26102748953253,
      0.2610340257783965,
      0.2612688079930537,
      0.26149760248680215,
      0.26151413702273646,
      0.2616400518692909,
      0.2617230520498767,
      0.2617651078392909,
      0.26207400845326206,
      0.2620797063132722,
      0.26209781083050826,
      0.2623001770152315,
      0.2624202025281128,
      0.2625271188008183,
      0.2631072804381568,
      0.26330823247165697,
      0.2634865856208941,
      0.2635021612770961,
      0.26353007141625456,
      0.2636701279626437,
      0.26367107471699724,
      0.2637071166105635,
      0.2637116735932647,
      0.2637740529041375,
      0.26382691473694014,
      0.2638365267204502,
      0.2638627399976063,
      0.264096448022756,
      0.2641774672921004,
      0.26421251345219665,
      0.2642808439778578,
      0.2645024699844806,
      0.2645317104176776,
      0.26466532348500144,
      0.2647297425797797,
      0.2648500122644523,
      0.2649074284826837,
      0.2649706280829157,
      0.26503610767598146,
      0.2651804438524615,
      0.2653830697302827,
      0.2653923011552659,
      0.265399848020756,
      0.26547390072444066,
      0.26549136330038603,
      0.2655643740894657,
      0.26567469261303944,
      0.2658008033031139,
      0.26589980154026766,
      0.2659612754575678,
      0.2660249118845454,
      0.26615506106190207,
      0.2661926684549913,
      0.26622970653879896,
      0.2664010093154907,
      0.26643660580136547,
      0.26645585594175736,
      0.2665626963559135,
      0.26672285474594354,
      0.2667648997836328,
      0.26686751611678194,
      0.26695525335313186,
      0.26696484381746166,
      0.26702256360867527,
      0.2672121924345808,
      0.26729064417958387,
      0.2673067630036667,
      0.26744957631177807,
      0.26755531496168,
      0.2676129139030789,
      0.2676813212935706,
      0.26777036642248037,
      0.26783728885528973,
      0.26786374872492,
      0.26793139477626304,
      0.26794359933108947,
      0.2680232695421259,
      0.2680531008238029,
      0.2680633869075504,
      0.26808389924663745,
      0.26811597232355955,
      0.2682089253548366,
      0.26821551569249114,
      0.2682333560468809,
      0.268243899832059,
      0.2682897328625189,
      0.2683460559885808,
      0.2683928371851275,
      0.26855892285757305,
      0.26898950262840055,
      0.2690647384137734,
      0.2690741358085558,
      0.2692210013042566,
      0.2692309567550088,
      0.26927515026464227,
      0.2693287082856032,
      0.26937255915045116,
      0.26944729697349856,
      0.2694821571386753,
      0.2695634756546968,
      0.2695829867565032,
      0.2696304620599162,
      0.2697329941389808,
      0.2697482496645928,
      0.27014366142814056,
      0.2701456317528518,
      0.27018683803436805,
      0.2701981700002564,
      0.2701998500518136,
      0.27029398518499653,
      0.2705494202543368,
      0.2706377351686006,
      0.2706389771073811,
      0.2706594932732791,
      0.27078993783301836,
      0.27089608925485636,
      0.2709495381823153,
      0.2710965238966063,
      0.2713563648857631,
      0.2714236294259308,
      0.27143414440195823,
      0.27147644603791204,
      0.27156903820412714,
      0.2718715265313825,
      0.27191342000038315,
      0.2719275599547678,
      0.2720176289840646,
      0.27228721535269274,
      0.27230728138449295,
      0.2723106094135833,
      0.2723933884778958,
      0.27242524422015696,
      0.27251134974476177,
      0.27256251097798573,
      0.27256975055103466,
      0.2726325043004596,
      0.2726490041151895,
      0.2726506150291379,
      0.2726787534206555,
      0.27267900063610007,
      0.27274372276632913,
      0.27283242314338946,
      0.2730500866901814,
      0.2731104398578555,
      0.27322323771844903,
      0.2732269536573026,
      0.27323938064911873,
      0.2732557345228506,
      0.27327836825640855,
      0.2733955591943736,
      0.27345020266419373,
      0.2734695282729364,
      0.2736866342945643,
      0.27369215454944534,
      0.2736968186881895,
      0.27375991321718857,
      0.27382074005006457,
      0.27397435258684144,
      0.27398966819715076,
      0.2741441461446594,
      0.2742759938633664,
      0.27430950655571446,
      0.27436359665809495,
      0.2744326961052379,
      0.27447677681977367,
      0.27449116863838324,
      0.27457129096835003,
      0.27458796059000506,
