{
  "task": "classification",
  "format": "onnx",
  "preset_name": "default",
  "best_iteration": 99,
  "params": {
    "tree_method": "hist",
    "device": "cpu",
    "learning_rate": 0.3,
    "max_depth": 6,
    "min_child_weight": 1,
    "subsample": 1.0,
    "colsample_bytree": 1.0,
    "reg_alpha": 0.0,
    "reg_lambda": 1.0,
    "max_bin": 256,
    "n_estimators": 2000,
    "early_stopping_rounds": 50,
    "nthread": 64,
    "objective": "binary:logistic",
    "scale_pos_weight": 9.0,
    "eval_metric": "auc"
  },
  "profile": {
    "n_samples": 610,
    "n_features": 2045,
    "n_p_ratio": 0.2982885085574572,
    "sparsity": 0.9626830734698786,
    "is_sparse_counts": false,
    "binary_feature_fraction": 0.5535452322738387,
    "feature_signal_strength": 0.0592623343610461,
    "feature_signal_p90": 0.1059451791054393,
    "task": "classification",
    "imbalance_ratio": 9.0,
    "y_skewness": 0.0,
    "y_all_positive": false
  },
  "portfolio_scores": {
    "flaml": NaN,
    "autogluon": NaN,
    "heuristic": 0.9841975308641976,
    "default": 0.9692181069958847
  },
  "decision_cutoff_raw": 0.03137669712305069,
  "decision_cutoff_raw_source": "oof_balanced_accuracy",
  "decision_cutoff_proba": 0.035429115605718285,
  "decision_cutoff_rank": 0.8423645320197044,
  "decision_cutoff_logit": -3.304149366225094,
  "calibrator": {
    "method": "platt",
    "coef": 4.600943108011452,
    "intercept": -3.448511764605557
  },
  "ranker": {
    "knots": [
      2.1117939468240365e-05,
      2.308569492015522e-05,
      2.419664269837085e-05,
      2.7012929422198795e-05,
      2.8021899197483435e-05,
      3.0148516088956967e-05,
      3.087445657001808e-05,
      3.3178137528011575e-05,
      3.536714211804792e-05,
      3.684448165586218e-05,
      3.876462142216042e-05,
      4.0409682696918026e-05,
      4.0421553421765566e-05,
      4.476662797969766e-05,
      4.651732160709798e-05,
      4.734589674626477e-05,
      5.067834354122169e-05,
      5.1410530431894585e-05,
      5.1915219955844805e-05,
      5.198472354095429e-05,
      5.355150642571971e-05,
      5.388278077589348e-05,
      5.632299144053832e-05,
      5.6914646847872064e-05,
      5.801874431199394e-05,
      5.806269109598361e-05,
      5.922571290284395e-05,
      5.9946203691652045e-05,
      5.998784035909921e-05,
      6.235289038158953e-05,
      6.24164313194342e-05,
      6.347156886477023e-05,
      6.465284241130576e-05,
      6.504423072328791e-05,
      6.820300768595189e-05,
      6.886583287268877e-05,
      6.945656787138432e-05,
      7.020096381893381e-05,
      7.156545325415209e-05,
      7.270290370797738e-05,
      7.322795136133209e-05,
      7.374420238193125e-05,
      7.435898442054167e-05,
      7.478101906599477e-05,
      7.587407162645832e-05,
      7.767916395096108e-05,
      7.768849900458008e-05,
      7.798108708811924e-05,
      7.843325147405267e-05,
      7.845622167224064e-05,
      8.055753278313205e-05,
      8.072463242569938e-05,
      8.103847358142957e-05,
      8.179747237591073e-05,
      8.199403964681551e-05,
      8.229327067965642e-05,
      8.242677722591907e-05,
      8.263596828328446e-05,
      8.267695375252515e-05,
      8.288677781820297e-05,
      8.706335938768461e-05,
      8.969737973529845e-05,
      8.970303315436468e-05,
      9.13057301659137e-05,
      9.19093654374592e-05,
      9.246988338418305e-05,
      9.387497993884608e-05,
      9.392441279487684e-05,
      9.406343451701105e-05,
      9.457005216972902e-05,
      9.551723633194342e-05,
      9.559250611346215e-05,
      9.715402848087251e-05,
      9.734302875585854e-05,
      9.734321793075651e-05,
      9.890399815049022e-05,
      9.92796994978562e-05,
      9.951504762284458e-05,
      0.00010139423102373257,
      0.00010155185009352863,
      0.00010195452341577038,
      0.00010207524610450491,
      0.000103608108474873,
      0.00010396707511972636,
      0.00010479050251888111,
      0.00010721523722168058,
      0.00010778971045510843,
      0.00010846403165487573,
      0.00011118687689304352,
      0.00011301076301606372,
      0.00011343994265189394,
      0.00011376492329873145,
      0.00011521462147356942,
      0.00011535323574207723,
      0.00011555823584785685,
      0.00011773481674026698,
      0.00011793460726039484,
      0.00011862530664075166,
      0.00011929390166187659,
      0.00011952561908401549,
      0.00011999279377050698,
      0.00012008436897303909,
      0.00012059673463227227,
      0.00012265890836715698,
      0.00012323747796472162,
      0.00012366102600935847,
      0.00012826782767660916,
      0.00012832717038691044,
      0.00012894943938590586,
      0.00012914472608827055,
      0.00013228155148681253,
      0.00013405342178884894,
      0.00013478915207087994,
      0.00013571140880230814,
      0.00013623195991385728,
      0.00013699989358428866,
      0.00013744346506427974,
      0.00013819530431646854,
      0.00013847996888216585,
      0.00014013747568242252,
      0.00014386122347787023,
      0.00014523415302392095,
      0.00014654987899120897,
      0.00014676705177407712,
      0.00014721276238560677,
      0.0001472242729505524,
      0.00014725445362273604,
      0.00014930828183423728,
      0.00015012385847512633,
      0.00015155741130001843,
      0.00015270148287527263,
      0.00015271342999767512,
      0.00015354042989201844,
      0.00015377339150290936,
      0.00015387430903501809,
      0.00015451799845322967,
      0.0001555360504426062,
      0.00015610182890668511,
      0.00015817070379853249,
      0.00016011697880458087,
      0.00016037873865570873,
      0.00016411156684625894,
      0.00016440870240330696,
      0.00016465281078126281,
      0.0001651991333346814,
      0.00016846357902977616,
      0.0001686323230387643,
      0.0001687367184786126,
      0.00016972572484519333,
      0.0001702002336969599,
      0.0001724978646961972,
      0.00017266356735490263,
      0.00017348986875731498,
      0.00017435604240745306,
      0.00017557942192070186,
      0.0001760373852448538,
      0.0001769916998455301,
      0.00017931035836227238,
      0.0001799509336706251,
      0.0001804986095521599,
      0.0001805932988645509,
      0.0001814272691262886,
      0.0001826958905439824,
      0.00018280062067788094,
      0.00018521779566071928,
      0.00018610931874718517,
      0.00018615031149238348,
      0.0001885019155452028,
      0.00018868138431571424,
      0.00018906407058238983,
      0.00018983034533448517,
      0.0001912745792651549,
      0.0001933934399858117,
      0.00019368574430700392,
      0.0001945940894074738,
      0.00019648367015179247,
      0.00019673000497277826,
      0.00019943474035244435,
      0.00020300011965446174,
      0.0002031897020060569,
      0.00020592767396010458,
      0.00020841458172071725,
      0.00020883728575427085,
      0.00020931712060701102,
      0.00021013057266827673,
      0.0002118467673426494,
      0.00021190353436395526,
      0.00021229688718449324,
      0.00021271873265504837,
      0.00021485085017047822,
      0.0002159469440812245,
      0.00021628159447573125,
      0.0002168992650695145,
      0.00021710387954954058,
      0.00021729007130488753,
      0.00021747722348663956,
      0.00021975526760797948,
      0.00022019426978658885,
      0.00022038118913769722,
      0.0002216007560491562,
      0.00022822601022198796,
      0.00022856397845316678,
      0.0002286893140990287,
      0.00022914441069588065,
      0.00023042652173899114,
      0.00023214811517391354,
      0.0002353037998545915,
      0.00023615473764948547,
      0.0002385985862929374,
      0.00023894826881587505,
      0.0002417870273347944,
      0.00024233841395471245,
      0.00024283822858706117,
      0.00024390842008870095,
      0.00024411105550825596,
      0.00024458186817355454,
      0.0002451391483191401,
      0.00024595268769189715,
      0.00024606974329799414,
      0.00025287677999585867,
