{
    "portfolio": [
        "lr",
        "xgb",
        "rf",
        "svc"
    ],
    "max_batch_size": 100000,
    "max_imbalance_ratio": 100,
    "num_batches": 1,
    "population_prior": 0.1,
    "batch_priors": [
        0.1
    ],
    "decision_cutoff_raw": 0.17656006524319548,
    "decision_cutoff_proba": 0.04925961011541712,
    "decision_cutoff_rank": 0.8335419274092616,
    "decision_cutoff_logit": -2.9601365609963532,
    "decision_cutoff_lift": 0.4925961011541712
}