{
    "portfolio": [
        "xgb",
        "rf",
        "svc"
    ],
    "max_batch_size": 100000,
    "max_imbalance_ratio": 100,
    "num_batches": 1,
    "population_prior": 0.1,
    "batch_priors": [
        0.1
    ],
    "decision_cutoff_raw": 0.18499590391131007,
    "decision_cutoff_proba": 0.05730482631908984,
    "decision_cutoff_rank": 0.8638916418896597,
    "decision_cutoff_logit": -2.8003581295843603,
    "decision_cutoff_lift": 0.5730482631908984
}