{
  "n_components": 45,
  "n_features_in": 2048,
  "n_cal_knots": 200,
  "cal_min": 2.0561490058898926,
  "cal_max": 30.63096046447754,
  "scaler": "standard"
}