{
    "portfolio": [
        "lr",
        "xgb",
        "rf",
        "svc"
    ],
    "max_batch_size": 100000,
    "max_imbalance_ratio": 100,
    "num_batches": 1,
    "population_prior": 0.1,
    "batch_priors": [
        0.1
    ],
    "decision_cutoff_raw": 0.2991771223105216,
    "decision_cutoff_proba": 0.1337266877228805,
    "decision_cutoff_rank": 0.8622112211221121,
    "decision_cutoff_logit": -1.868402388676083,
    "decision_cutoff_lift": 1.3372668772288048
}