{
  "n_components": 27,
  "n_features_in": 768,
  "n_cal_knots": 200,
  "cal_min": 3.046178102493286,
  "cal_max": 11.563848495483398,
  "scaler": "standard"
}