{
    "portfolio": [
        "lr",
        "xgb",
        "rf",
        "svc"
    ],
    "max_batch_size": 100000,
    "max_imbalance_ratio": 100,
    "num_batches": 1,
    "population_prior": 0.1,
    "batch_priors": [
        0.1
    ],
    "decision_cutoff_raw": 0.2482712805698868,
    "decision_cutoff_proba": 0.08195456629846436,
    "decision_cutoff_rank": 0.870429252782194,
    "decision_cutoff_logit": -2.4160818572653167,
    "decision_cutoff_lift": 0.8195456629846435
}