{
    "portfolio": [
        "lr",
        "xgb",
        "rf",
        "svc"
    ],
    "max_batch_size": 100000,
    "max_imbalance_ratio": 100,
    "num_batches": 1,
    "population_prior": 0.1,
    "batch_priors": [
        0.1
    ],
    "decision_cutoff_raw": 0.4213078462879262,
    "decision_cutoff_proba": 0.23637901326683408,
    "decision_cutoff_rank": 0.8692077727952168,
    "decision_cutoff_logit": -1.1726350701853818,
    "decision_cutoff_lift": 2.3637901326683406
}