{
    "portfolio": [
        "lr",
        "xgb",
        "rf",
        "svc"
    ],
    "max_batch_size": 100000,
    "max_imbalance_ratio": 100,
    "num_batches": 1,
    "population_prior": 0.1,
    "batch_priors": [
        0.1
    ],
    "decision_cutoff_raw": 0.1173813304820713,
    "decision_cutoff_proba": 0.06287451917546769,
    "decision_cutoff_rank": 0.8122050959421201,
    "decision_cutoff_logit": -2.7016762098258322,
    "decision_cutoff_lift": 0.6287451917546768
}