{
  "n_components": 45,
  "n_features_in": 2048,
  "n_cal_knots": 200,
  "cal_min": 2.9949498176574707,
  "cal_max": 29.635738372802734,
  "scaler": "standard"
}