{
  "n_components": 45,
  "n_features_in": 2048,
  "n_cal_knots": 200,
  "cal_min": 2.8015270233154297,
  "cal_max": 31.25617027282715,
  "scaler": "standard"
}