{
  "n_components": 27,
  "n_features_in": 768,
  "n_cal_knots": 200,
  "cal_min": 2.672595977783203,
  "cal_max": 13.320940971374512,
  "scaler": "standard"
}