{
  "mode": "slow",
  "descriptor_types": [
    "chemeleon",
    "morgan",
    "clamp"
  ],
  "n_compounds": 1030,
  "n_actives": 103,
  "ratio_actives": 0.1,
  "population_prior": 0.1,
  "portfolio": [
    "lr",
    "xgb",
    "rf",
    "svc"
  ],
  "num_batches": {
    "chemeleon": 1,
    "morgan": 1,
    "clamp": 1
  },
  "decision_cutoff_raw": 0.23492501041367395,
  "decision_cutoff_proba": 0.08882677870388943,
  "decision_cutoff_rank": 0.8949594601834949,
  "oof_aucs": {
    "chemeleon": 0.9986698924393336,
    "morgan": 0.9989212513484359,
    "clamp": 0.9985546862726615
  },
  "proxy_aucs": {
    "chemeleon": 0.9980362585226381,
    "morgan": 0.9986437092196353,
    "clamp": 0.9981514646893099
  },
  "train_aucs": {
    "chemeleon": 0.9999528702045434,
    "morgan": 0.9999528702045433,
    "clamp": 0.9999528702045434
  },
  "quality_aucs": {
    "chemeleon": 0.9973869146741238,
    "morgan": 0.9978896324923285,
    "clamp": 0.9971565023407797
  },
  "active_descriptors": {
    "chemeleon": true,
    "morgan": true,
    "clamp": true
  },
  "ad_hard_cutoffs": {
    "chemeleon": 0.052250005304813385,
    "morgan": 0.052250005304813385,
    "clamp": 0.052250005304813385
  },
  "rank_error_curves": {
    "chemeleon": [
      [
        0.11289292850444087,
        0.14364404107769213,
        0.1712419376599959,
        0.19726876022241097,
        0.22204868117344756,
        0.24738766422196037,
        0.2732217976753104,
        0.2986443102570008,
        0.3297130271535153,
        0.35868280391625784,
        0.3965582744499384,
        0.43120107376816075,
        0.46425140385798813,
        0.4976362689914172,
        0.5532184781835545,
        0.6089329629616785,
        0.7058902988787561,
        0.8635245841707255,
        0.975240417304161,
        0.9986841629661477
      ],
      [
        0.010616269055296841,
        0.010912224526009602,
        0.011127656819702077,
        0.011359164175685124,
        0.011561568135406467,
        0.011781059306345012,
        0.012109480048037137,
        0.012237836922616738,
        0.012829287504218427,
        0.012823171088686068,
        0.013448494299653576,
        0.01365456740041725,
        0.014114100037869223,
        0.01510268853157371,
        0.015219325205917818,
        0.016088142276263952,
        0.018082368944219024,
        0.11431609387386046,
        0.1095995873287886,
        0.09134625522036077
      ]
    ],
    "morgan": [
      [
        0.12717395844453072,
        0.1986197174264669,
        0.235849561071259,
        0.273820013702303,
        0.3031983983619459,
        0.3343332585746936,
        0.3634753067197406,
        0.39093845953578793,
        0.4133306788914183,
        0.4431975361402726,
        0.46693804784658305,
        0.4920880060755404,
        0.5181488603644386,
        0.5576279105771444,
        0.6010378717739494,
        0.6513190315367957,
        0.7181691896793534,
        0.8357279629904745,
        0.9735343629253868,
        0.9966086182005442
      ],
      [
        0.011290028706673819,
        0.01187524875755584,
        0.012263670288849591,
        0.012386789646547816,
        0.0127493419210633,
        0.01310665986859792,
        0.01331773753867491,
        0.013598801730966325,
        0.013863042368356972,
        0.013891475777767797,
        0.01415831498062991,
        0.014214960216216892,
        0.014853320545999749,
        0.014884903267982762,
        0.015185187885684372,
        0.015431936715268801,
        0.016008264903531716,
        0.11367972810598204,
        0.11068637462442196,
        0.09092520898484609
      ]
    ],
    "clamp": [
      [
        0.0806715814236112,
        0.12495070830565908,
        0.15938232017659879,
        0.19429540009176746,
        0.22217777851558232,
        0.25380897495613686,
        0.2795836307896546,
        0.3138064113625638,
        0.3470798025280567,
        0.3880747667259885,
        0.4192037817372134,
        0.45359156376765125,
        0.49709373975348947,
        0.5322610918315587,
        0.5817513644309006,
        0.6379931195894967,
        0.7111850749734332,
        0.8509334308860098,
        0.9645112458475471,
        0.9975700390266022
      ],
      [
        0.01343215045925445,
        0.013779264849556189,
        0.01409146283748536,
        0.01436960943556873,
        0.0145439623019815,
        0.014689920380807986,
        0.014933941850275112,
        0.015165395651334509,
        0.01537805467317529,
        0.01550023420568706,
        0.01598627236401653,
        0.01640344340371749,
        0.01649218932091912,
        0.017247053463121945,
        0.01723207361561373,
        0.017958956175253744,
        0.019093508054945283,
        0.1169867478534484,
        0.10144237226014347,
        0.08061590047595679
      ]
    ]
  },
  "decision_cutoff_logit": -2.3280448567897327,
  "decision_cutoff_lift": 0.8882677870388942
}