{
    "portfolio": [
        "lr",
        "xgb",
        "rf",
        "svc"
    ],
    "max_batch_size": 100000,
    "max_imbalance_ratio": 100,
    "num_batches": 1,
    "population_prior": 0.25354330708661416,
    "batch_priors": [
        0.25354330708661416
    ],
    "decision_cutoff_raw": 0.2308357096410411,
    "decision_cutoff_proba": 0.1805791467096823,
    "decision_cutoff_rank": 0.6522082018927444,
    "decision_cutoff_logit": -1.5124286466600552,
    "decision_cutoff_lift": 0.7122221003766973
}