{
  "mode": "slow",
  "descriptor_types": [
    "chemeleon",
    "clamp",
    "morgan"
  ],
  "n_compounds": 1121,
  "n_actives": 330,
  "ratio_actives": 0.2943800178412132,
  "population_prior": 0.2943800178412132,
  "portfolio": [
    "lr",
    "xgb",
    "rf",
    "svc"
  ],
  "num_batches": {
    "chemeleon": 1,
    "clamp": 1,
    "morgan": 1
  },
  "decision_cutoff_raw": 0.25880517486943416,
  "decision_cutoff_proba": 0.18818177327409272,
  "decision_cutoff_rank": 0.6220982142857142,
  "oof_aucs": {
    "chemeleon": 0.9401141631230127,
    "clamp": 0.935363751292955,
    "morgan": 0.9380760832088266
  },
  "proxy_aucs": {
    "chemeleon": 0.8915680190016473,
    "clamp": 0.8957112209324598,
    "morgan": 0.8825556449450254
  },
  "train_aucs": {
    "chemeleon": 1.0,
    "clamp": 0.9992031567252806,
    "morgan": 0.9999808451135884
  },
  "quality_aucs": {
    "chemeleon": 0.8802283262460253,
    "clamp": 0.8715243458606294,
    "morgan": 0.8761713213040648
  },
  "active_descriptors": {
    "chemeleon": true,
    "clamp": true,
    "morgan": true
  },
  "ad_hard_cutoffs": {
    "chemeleon": 0.05000000074505806,
    "clamp": 0.05000000074505806,
    "morgan": 0.05000000074505806
  },
  "rank_error_curves": {
    "chemeleon": [
      [
        0.11367271297416413,
        0.16100825293479562,
        0.18449475998791542,
        0.2086742789021446,
        0.22781730879329434,
        0.24824421402816182,
        0.2697968715337904,
        0.2937022529838668,
        0.3225495190196199,
        0.35010489253230037,
        0.38613117266201674,
        0.43082235347677855,
        0.4829852975997063,
        0.5865526887811957,
        0.8915431979905467,
        0.9117828470223498,
        0.9303756843423399,
        0.952610877820895,
        0.9756034970009076,
        0.999399582441082
      ],
      [
        0.05887408201632168,
        0.06075489433987639,
        0.06252380885361258,
        0.0636337939196776,
        0.06582174509985811,
        0.0707842047980723,
        0.0723817563395882,
        0.07390383953502061,
        0.0765063001936069,
        0.07988282728435603,
        0.08943124880204885,
        0.09598191100875549,
        0.10406412182631823,
        0.2045960223474194,
        0.2815036372003252,
        0.24650058316253623,
        0.2299569940067612,
        0.2019184214861614,
        0.18282955338975065,
        0.17577122671894685
      ]
    ],
    "clamp": [
      [
        0.0198928638749256,
        0.07792025010602845,
        0.10858423213210087,
        0.14997303791791405,
        0.18203304401308046,
        0.20975588013692442,
        0.23616577077854717,
        0.27096026067694196,
        0.3047994727913932,
        0.3439218384943734,
        0.3971222842928257,
        0.49701390860985717,
        0.5782366432299024,
        0.6751391156164124,
        0.798708112598754,
        0.866247357207329,
        0.9014803772163994,
        0.9275449479229734,
        0.9517217994470861,
        0.9986393497599972
      ],
      [
        0.055803740304324154,
        0.057486006785057726,
        0.058793752857193946,
        0.06072118265353018,
        0.0633356851723761,
        0.06396818530899058,
        0.06810180733526112,
        0.06973197751005782,
        0.07523748209220545,
        0.08080175616928542,
        0.09313371320971914,
        0.13713458444012075,
        0.25951804192256245,
        0.42770067660289945,
        0.3451391411499335,
        0.22617715471869393,
        0.1871129079585132,
        0.17071767530763293,
        0.15604379918119393,
        0.143638022786957
      ]
    ],
    "morgan": [
      [
        0.030639014573450366,
        0.12905310055770083,
        0.16667482291372493,
        0.19760526097788075,
        0.22786775639639106,
        0.26068003923395877,
        0.2883927926765495,
        0.3141543785446691,
        0.3476558151904974,
        0.38679955986572945,
        0.44323659733556614,
        0.49398982748622655,
        0.5518313618865547,
        0.6230544926416124,
        0.8081421699689767,
        0.8540406745461117,
        0.8817120331058146,
        0.9115980711472687,
        0.939424164981595,
        0.9813937475559328
      ],
      [
        0.06389976712044049,
        0.06512566661390368,
        0.06730171224595423,
        0.0708569717687211,
        0.07117321295037816,
        0.0753487623120392,
        0.07662151649583511,
        0.0778718674691369,
        0.08260013791862827,
        0.08607814309524146,
        0.091827822995904,
        0.10117152674129466,
        0.12326631239783063,
        0.2636502808670163,
        0.295475231770758,
        0.22006149320259946,
        0.19729996803069888,
        0.18157945790071314,
        0.16457128884460054,
        0.15268312175147444
      ]
    ]
  },
  "decision_cutoff_logit": -1.4618680815687108,
  "decision_cutoff_lift": 0.639247781334115
}