{
    "portfolio": [
        "lr",
        "xgb",
        "rf",
        "svc"
    ],
    "max_batch_size": 100000,
    "max_imbalance_ratio": 100,
    "num_batches": 1,
    "population_prior": 0.1,
    "batch_priors": [
        0.1
    ],
    "decision_cutoff_raw": 0.45974080173502974,
    "decision_cutoff_proba": 0.2450116647169966,
    "decision_cutoff_rank": 0.8796101159114857,
    "decision_cutoff_logit": -1.1253964786722488,
    "decision_cutoff_lift": 2.4501166471699656
}