{
  "n_components": 27,
  "n_features_in": 768,
  "n_cal_knots": 200,
  "cal_min": 2.842984914779663,
  "cal_max": 9.73155403137207,
  "scaler": "standard"
}