{
  "n_components": 45,
  "n_features_in": 2048,
  "n_cal_knots": 200,
  "cal_min": 2.060443162918091,
  "cal_max": 41.07368087768555,
  "scaler": "standard"
}