{
    "portfolio": [
        "xgb",
        "rf",
        "svc"
    ],
    "max_batch_size": 100000,
    "max_imbalance_ratio": 100,
    "num_batches": 1,
    "population_prior": 0.1,
    "batch_priors": [
        0.1
    ],
    "decision_cutoff_raw": 0.3502467666641354,
    "decision_cutoff_proba": 0.13726490938260025,
    "decision_cutoff_rank": 0.8824421691315889,
    "decision_cutoff_logit": -1.8381949767258288,
    "decision_cutoff_lift": 1.3726490938260023
}