{
    "portfolio": [
        "lr",
        "xgb",
        "rf",
        "svc"
    ],
    "max_batch_size": 100000,
    "max_imbalance_ratio": 100,
    "num_batches": 1,
    "population_prior": 0.1,
    "batch_priors": [
        0.1
    ],
    "decision_cutoff_raw": 0.5356029734628875,
    "decision_cutoff_proba": 0.21742329952154077,
    "decision_cutoff_rank": 0.8892581043392123,
    "decision_cutoff_logit": -1.2807457949348764,
    "decision_cutoff_lift": 2.1742329952154074
}