{
  "n_components": 14,
  "n_features_in": 217,
  "n_cal_knots": 200,
  "cal_min": 1.3395437002182007,
  "cal_max": 24.93412971496582,
  "scaler": "standard"
}