{
  "mode": "slow",
  "descriptor_types": [
    "chemeleon",
    "clamp",
    "morgan"
  ],
  "n_compounds": 930,
  "n_actives": 93,
  "ratio_actives": 0.1,
  "population_prior": 0.1,
  "portfolio": [
    "lr",
    "xgb",
    "rf",
    "svc"
  ],
  "num_batches": {
    "chemeleon": 1,
    "clamp": 1,
    "morgan": 1
  },
  "decision_cutoff_raw": 0.1494635226414839,
  "decision_cutoff_proba": 0.0631472811755824,
  "decision_cutoff_rank": 0.848134194474345,
  "oof_aucs": {
    "chemeleon": 0.9593273467709819,
    "clamp": 0.9752444084736835,
    "morgan": 0.9442067804884315
  },
  "proxy_aucs": {
    "chemeleon": 0.9737220744851685,
    "clamp": 0.9675492349789956,
    "morgan": 0.9506494007014298
  },
  "train_aucs": {
    "chemeleon": 1.0,
    "clamp": 1.0,
    "morgan": 1.0
  },
  "quality_aucs": {
    "chemeleon": 0.9186546935419637,
    "clamp": 0.9504888169473671,
    "morgan": 0.8884135609768631
  },
  "active_descriptors": {
    "chemeleon": true,
    "clamp": true,
    "morgan": true
  },
  "ad_hard_cutoffs": {
    "chemeleon": 0.052250005304813385,
    "clamp": 0.052250005304813385,
    "morgan": 0.052250005304813385
  },
  "rank_error_curves": {
    "chemeleon": [
      [
        0.14902726321307325,
        0.2586699875141622,
        0.2966490810128759,
        0.3191029164356715,
        0.34532789081513604,
        0.365104746094966,
        0.38529321663116856,
        0.4166474179075906,
        0.4426094151381649,
        0.4687116838633404,
        0.49171234267441094,
        0.5235972786951948,
        0.5504351018564955,
        0.5913878484513628,
        0.6418157241235616,
        0.6945943150509915,
        0.768045527878538,
        0.8914985163014971,
        0.9616966615682665,
        0.9897366257265119
      ],
      [
        0.02152151652954043,
        0.021952440331275296,
        0.022390342576674306,
        0.02274094420289545,
        0.023051418923903177,
        0.023377115762207516,
        0.02374014010085313,
        0.02455819620299099,
        0.0248266934197389,
        0.02583701002609207,
        0.02640237936415029,
        0.02656431626268106,
        0.02779980466258656,
        0.029456259257622526,
        0.03179075275987518,
        0.037876781237247484,
        0.05170081732179257,
        0.23446923560378047,
        0.21698203200660984,
        0.19227214013304664
      ]
    ],
    "clamp": [
      [
        0.03199949529866413,
        0.08605306990467404,
        0.12248666531101897,
        0.1589194715567084,
        0.19264768171693145,
        0.22926407918083275,
        0.25862731700802216,
        0.2975961476817518,
        0.33035755028483205,
        0.3650172862628159,
        0.4084635838731291,
        0.4523815609644305,
        0.4939860055468683,
        0.5338623132909993,
        0.5767801376007853,
        0.6438935565722674,
        0.7398552032316363,
        0.8952863958360207,
        0.9652353295151755,
        0.9972247414396127
      ],
      [
        0.02388377064621382,
        0.024481329456653197,
        0.02488199220591259,
        0.025473807058972554,
        0.025902534252227646,
        0.02616370455376738,
        0.0266147871669968,
        0.0270749304591693,
        0.02744418842472331,
        0.028029134427048397,
        0.028436533171234176,
        0.029564922621634206,
        0.03054499041740032,
        0.031405425481278566,
        0.03275975296775853,
        0.0386963947684061,
        0.056289575165880665,
        0.26234168773359207,
        0.2249703097263068,
        0.18231514494591292
      ]
    ],
    "morgan": [
      [
        0.08040129750553952,
        0.18884137584406324,
        0.2356887063303632,
        0.2671727313080456,
        0.29597610119747636,
        0.3268497430071083,
        0.3556567822238692,
        0.38535139340457997,
        0.41243322596612036,
        0.4382014875230793,
        0.46279812332477865,
        0.4878200204482006,
        0.5160435736085196,
        0.547050255916867,
        0.5848453640204494,
        0.6306313084941731,
        0.7235387095991204,
        0.8780689659901206,
        0.9604682510606789,
        0.9925555307645988
      ],
      [
        0.0229200317552086,
        0.023795236262497525,
        0.02413230116342219,
        0.02437628696692066,
        0.025604356768148668,
        0.025412833979768148,
        0.02616265855922339,
        0.027050891392511506,
        0.027806772026240673,
        0.027695903740714536,
        0.02941361739970783,
        0.029392258722782,
        0.029882463292591428,
        0.029971148972622926,
        0.0318137013745919,
        0.031745524433702106,
        0.03884210402155563,
        0.1734904449297243,
        0.20824680589061323,
        0.17252122768379893
      ]
    ]
  },
  "decision_cutoff_logit": -2.6970562916970895,
  "decision_cutoff_lift": 0.6314728117558239
}