{
    "portfolio": [
        "xgb",
        "rf",
        "svc"
    ],
    "max_batch_size": 100000,
    "max_imbalance_ratio": 100,
    "num_batches": 1,
    "population_prior": 0.1,
    "batch_priors": [
        0.1
    ],
    "decision_cutoff_raw": 0.20127850316695092,
    "decision_cutoff_proba": 0.055385770912367745,
    "decision_cutoff_rank": 0.8640090472151541,
    "decision_cutoff_logit": -2.836453902933834,
    "decision_cutoff_lift": 0.5538577091236774
}