{
  "mode": "slow",
  "descriptor_types": [
    "chemeleon",
    "rdkit",
    "clamp"
  ],
  "n_compounds": 880,
  "n_actives": 88,
  "ratio_actives": 0.1,
  "population_prior": 0.1,
  "portfolio": [
    "lr",
    "xgb",
    "rf",
    "svc"
  ],
  "num_batches": {
    "chemeleon": 1,
    "rdkit": 1,
    "clamp": 1
  },
  "decision_cutoff_raw": 0.26799940002655925,
  "decision_cutoff_proba": 0.1254404220712619,
  "decision_cutoff_rank": 0.8857455793199943,
  "oof_aucs": {
    "chemeleon": 0.9872876492194674,
    "rdkit": 0.9830406336088156,
    "clamp": 0.9939594811753902
  },
  "proxy_aucs": {
    "chemeleon": 0.9806732093663912,
    "rdkit": 0.9724948347107439,
    "clamp": 0.9701991505968778
  },
  "train_aucs": {
    "chemeleon": 1.0,
    "rdkit": 1.0,
    "clamp": 1.0
  },
  "quality_aucs": {
    "chemeleon": 0.9745752984389349,
    "rdkit": 0.9660812672176311,
    "clamp": 0.9879189623507805
  },
  "active_descriptors": {
    "chemeleon": true,
    "rdkit": true,
    "clamp": true
  },
  "ad_hard_cutoffs": {
    "chemeleon": 0.05000000074505806,
    "rdkit": 0.05000000074505806,
    "clamp": 0.054750002920627594
  },
  "rank_error_curves": {
    "chemeleon": [
      [
        0.029968849566384122,
        0.1042062504628723,
        0.14013031438009887,
        0.17148540583123176,
        0.20580202923027788,
        0.22959840896930067,
        0.25402075103626226,
        0.28153508756865364,
        0.3079500086775758,
        0.3418848341133141,
        0.37521871789161687,
        0.4088134412719941,
        0.4394534921440714,
        0.47740383034700506,
        0.534911731389277,
        0.5834485159406908,
        0.6436894334843413,
        0.7756017363835944,
        0.9798073581355161,
        0.9966321225000334
      ],
      [
        0.016575974972292847,
        0.017099884714985414,
        0.017589411816212347,
        0.017816715210758872,
        0.018457953214358495,
        0.0189356501583907,
        0.019048020682142567,
        0.019708358109419226,
        0.019287086307538653,
        0.020547369428974976,
        0.02106528019765102,
        0.022547714775260432,
        0.02239921163384275,
        0.02369493640088734,
        0.024920709283973202,
        0.02598175168024436,
        0.030999148661064953,
        0.08092983609486433,
        0.10912133788575122,
        0.09932462016078485
      ]
    ],
    "rdkit": [
      [
        0.06045962674692588,
        0.10009623224108316,
        0.12829697806810736,
        0.15599240956449523,
        0.19028766259142105,
        0.21387370243217965,
        0.24472362798818936,
        0.2754355251279489,
        0.30154906750393934,
        0.33284579184043234,
        0.3670038953261848,
        0.3898840304707839,
        0.42565454458237195,
        0.4729012444360974,
        0.5130585220052467,
        0.5646421323521681,
        0.6336881521501576,
        0.7935613325751691,
        0.9783098838596089,
        0.9978999266024338
      ],
      [
        0.012889883498410885,
        0.013357617428996629,
        0.013731226138458091,
        0.014046973717214962,
        0.014499109765263784,
        0.015265847686012373,
        0.01521837405378972,
        0.01683751879124911,
        0.016214116674895203,
        0.018550720701674565,
        0.01872694388465628,
        0.021995820652784454,
        0.02243219174242265,
        0.02579890987294177,
        0.027071420516427924,
        0.031337345616611105,
        0.04320961560160282,
        0.12878496667732248,
        0.1776804465483736,
        0.12066862376567877
      ]
    ],
    "clamp": [
      [
        0.011701998656736073,
        0.05477694804680652,
        0.0915089660730751,
        0.1258126583085163,
        0.1569668685346259,
        0.18663901714488373,
        0.22972071535408461,
        0.25887653191242244,
        0.2945679604162247,
        0.3285826347984952,
        0.36214956223256356,
        0.40053436603336584,
        0.4329959150454699,
        0.46518051703584207,
        0.5053809053138528,
        0.5524510130182396,
        0.6198115631575395,
        0.7839948439316191,
        0.9823446167752562,
        0.9974976537798566
      ],
      [
        0.01814567426464561,
        0.019003388070000352,
        0.01959091594284623,
        0.020148710361217532,
        0.02060326745507057,
        0.020777170237460344,
        0.021640367215640766,
        0.021846739043735554,
        0.022771930635400454,
        0.023185231645722577,
        0.02340569226002221,
        0.023891646754908714,
        0.024384280293662228,
        0.0247722174087825,
        0.02508352349309399,
        0.02562894936390428,
        0.027518892323432093,
        0.07945731927826967,
        0.12195671351523944,
        0.11537232415337621
      ]
    ]
  },
  "decision_cutoff_logit": -1.9418894988070505,
  "decision_cutoff_lift": 1.254404220712619
}