{
  "n_components": 27,
  "n_features_in": 768,
  "n_cal_knots": 200,
  "cal_min": 2.5113608837127686,
  "cal_max": 17.390573501586914,
  "scaler": "standard"
}