{
  "mode": "slow",
  "descriptor_types": [
    "chemeleon",
    "rdkit",
    "clamp"
  ],
  "n_compounds": 950,
  "n_actives": 95,
  "ratio_actives": 0.1,
  "population_prior": 0.1,
  "portfolio": [
    "lr",
    "xgb",
    "rf",
    "svc"
  ],
  "num_batches": {
    "chemeleon": 1,
    "rdkit": 1,
    "clamp": 1
  },
  "decision_cutoff_raw": 0.34377066072978074,
  "decision_cutoff_proba": 0.1502147084040671,
  "decision_cutoff_rank": 0.8767123287671232,
  "oof_aucs": {
    "chemeleon": 0.9975746383502616,
    "rdkit": 0.9977716220375501,
    "clamp": 0.9975869498307172
  },
  "proxy_aucs": {
    "chemeleon": 0.9957402277623885,
    "rdkit": 0.9952477685441675,
    "clamp": 0.9937703908895045
  },
  "train_aucs": {
    "chemeleon": 1.0,
    "rdkit": 1.0,
    "clamp": 1.0
  },
  "quality_aucs": {
    "chemeleon": 0.9951492767005232,
    "rdkit": 0.9955432440751002,
    "clamp": 0.9951738996614343
  },
  "active_descriptors": {
    "chemeleon": true,
    "rdkit": true,
    "clamp": true
  },
  "ad_hard_cutoffs": {
    "chemeleon": 0.052250005304813385,
    "rdkit": 0.052250005304813385,
    "clamp": 0.052250005304813385
  },
  "rank_error_curves": {
    "chemeleon": [
      [
        0.16451298313317056,
        0.19630915108160835,
        0.21718181030196754,
        0.21799735111284008,
        0.2227565802506957,
        0.24147807654789086,
        0.2609461091715146,
        0.27351931289904596,
        0.2951538875446911,
        0.31137249960648233,
        0.3282723728841819,
        0.35782959849468243,
        0.3822047587814299,
        0.4118221922044762,
        0.45846467345148495,
        0.5305855313781688,
        0.5923954055867471,
        0.7324950202495538,
        0.9597636937223517,
        0.9852377021467982
      ],
      [
        0.011126527887700284,
        0.011932541112389288,
        0.012532466955655174,
        0.012608478892984241,
        0.012426175933339775,
        0.012557407050840096,
        0.012654599207872739,
        0.012908850008754002,
        0.012816415968020014,
        0.013006567637938976,
        0.013207050027006867,
        0.014952645741514975,
        0.016526531797029335,
        0.015025335621983507,
        0.02323249642873109,
        0.024759625010191764,
        0.04646551096080248,
        0.21885927535274394,
        0.21903620678357058,
        0.16905984654748854
      ]
    ],
    "rdkit": [
      [
        0.19275525112424846,
        0.3161125335641677,
        0.35850219899586877,
        0.3912259589048948,
        0.4186981951573666,
        0.43765016230012005,
        0.45898392097986895,
        0.4931336036708881,
        0.5143803563675702,
        0.5397222532016771,
        0.5683636233255667,
        0.5861354534555776,
        0.61350185771221,
        0.6401131422156638,
        0.6748130817631227,
        0.706389936459606,
        0.769256866189721,
        0.8851300132784368,
        0.9587913702274233,
        0.9952658745567944
      ],
      [
        0.011170473502428007,
        0.011823267055870817,
        0.012658965772148154,
        0.013224686501134853,
        0.014001020624741928,
        0.014923324938159064,
        0.016258062846962858,
        0.01614908984240342,
        0.01703844256256467,
        0.016848070758869644,
        0.018675236506026555,
        0.02072774610398127,
        0.019864305112287598,
        0.0197057548295864,
        0.025387536586654803,
        0.025243018642463408,
        0.03087856078489968,
        0.16927276577367772,
        0.1522539952881398,
        0.12512981083669208
      ]
    ],
    "clamp": [
      [
        0.12162011980261765,
        0.16419560613568498,
        0.1913389549225763,
        0.21937457788977666,
        0.24490028669493952,
        0.27666472919810536,
        0.3003990310237467,
        0.3292152629271652,
        0.34950061545522637,
        0.39466281860561125,
        0.4290332440335998,
        0.46161623905647,
        0.4971421286148652,
        0.5399515826229804,
        0.58732767079012,
        0.6463581369716258,
        0.6982423069606158,
        0.8866889910798041,
        0.9622877001822039,
        0.9993234639393402
      ],
      [
        0.011321332151221926,
        0.011818151469452923,
        0.011967285631566396,
        0.012131992555414738,
        0.012423704717321592,
        0.012506217438564839,
        0.012638374777673643,
        0.012826099499873803,
        0.013020360334125479,
        0.013261160638275694,
        0.013511824061890049,
        0.013485047550143571,
        0.013827555627735468,
        0.014106293186592785,
        0.014336488742790776,
        0.014459484443306726,
        0.015263101609392813,
        0.19622971464638445,
        0.17777650356018912,
        0.15502145455331007
      ]
    ]
  },
  "decision_cutoff_logit": -1.7329180594581675,
  "decision_cutoff_lift": 1.5021470840406708
}