{
  "n_components": 45,
  "n_features_in": 2048,
  "n_cal_knots": 200,
  "cal_min": 1.8768281936645508,
  "cal_max": 39.48421096801758,
  "scaler": "standard"
}