{
    "portfolio": [
        "xgb",
        "rf",
        "svc"
    ],
    "max_batch_size": 100000,
    "max_imbalance_ratio": 100,
    "num_batches": 1,
    "population_prior": 0.1,
    "batch_priors": [
        0.1
    ],
    "decision_cutoff_raw": 0.42245583946440535,
    "decision_cutoff_proba": 0.07460289748301575,
    "decision_cutoff_rank": 0.8152753108348133,
    "decision_cutoff_logit": -2.5180435986975436,
    "decision_cutoff_lift": 0.7460289748301575
}