{
    "portfolio": [
        "lr",
        "xgb",
        "rf",
        "svc"
    ],
    "max_batch_size": 100000,
    "max_imbalance_ratio": 100,
    "num_batches": 1,
    "population_prior": 0.2943800178412132,
    "batch_priors": [
        0.2943800178412132
    ],
    "decision_cutoff_raw": 0.24433474644581987,
    "decision_cutoff_proba": 0.1914382665522555,
    "decision_cutoff_rank": 0.6332589285714285,
    "decision_cutoff_logit": -1.440691642858709,
    "decision_cutoff_lift": 0.6503099903184194
}