{
    "portfolio": [
        "xgb",
        "rf",
        "svc"
    ],
    "max_batch_size": 100000,
    "max_imbalance_ratio": 100,
    "num_batches": 1,
    "population_prior": 0.1,
    "batch_priors": [
        0.1
    ],
    "decision_cutoff_raw": 0.3495553790131587,
    "decision_cutoff_proba": 0.12332282177122662,
    "decision_cutoff_rank": 0.8828107627307092,
    "decision_cutoff_logit": -1.9613333423508166,
    "decision_cutoff_lift": 1.2332282177122662
}