{
    "portfolio": [
        "lr",
        "xgb",
        "rf",
        "svc"
    ],
    "max_batch_size": 100000,
    "max_imbalance_ratio": 100,
    "num_batches": 1,
    "population_prior": 0.1,
    "batch_priors": [
        0.1
    ],
    "decision_cutoff_raw": 0.175441835586622,
    "decision_cutoff_proba": 0.07980389758342979,
    "decision_cutoff_rank": 0.8254954388172381,
    "decision_cutoff_logit": -2.445014456968796,
    "decision_cutoff_lift": 0.7980389758342978
}