{
  "n_components": 45,
  "n_features_in": 2048,
  "n_cal_knots": 200,
  "cal_min": 1.5506383180618286,
  "cal_max": 30.13544273376465,
  "scaler": "standard"
}