{
    "portfolio": [
        "lr",
        "xgb",
        "rf",
        "svc"
    ],
    "max_batch_size": 100000,
    "max_imbalance_ratio": 100,
    "num_batches": 1,
    "population_prior": 0.1,
    "batch_priors": [
        0.1
    ],
    "decision_cutoff_raw": 0.3133700044453144,
    "decision_cutoff_proba": 0.1421097713956358,
    "decision_cutoff_rank": 0.8936635964769569,
    "decision_cutoff_logit": -1.7978763556548378,
    "decision_cutoff_lift": 1.4210977139563579
}