{
  "n_components": 27,
  "n_features_in": 768,
  "n_cal_knots": 200,
  "cal_min": 3.2640669345855713,
  "cal_max": 10.920730590820312,
  "scaler": "standard"
}