{
  "mode": "slow",
  "descriptor_types": [
    "chemeleon",
    "clamp",
    "rdkit"
  ],
  "n_compounds": 1500,
  "n_actives": 150,
  "ratio_actives": 0.1,
  "population_prior": 0.1,
  "portfolio": [
    "lr",
    "xgb",
    "rf",
    "svc"
  ],
  "num_batches": {
    "chemeleon": 1,
    "clamp": 1,
    "rdkit": 1
  },
  "decision_cutoff_raw": 0.3585466850747445,
  "decision_cutoff_proba": 0.1398337467333772,
  "decision_cutoff_rank": 0.8720257949744274,
  "oof_aucs": {
    "chemeleon": 0.980162962962963,
    "clamp": 0.9864666666666667,
    "rdkit": 0.9826913580246914
  },
  "proxy_aucs": {
    "chemeleon": 0.9736790123456789,
    "clamp": 0.9824296296296295,
    "rdkit": 0.9743654320987654
  },
  "train_aucs": {
    "chemeleon": 1.0,
    "clamp": 0.9994962962962963,
    "rdkit": 1.0
  },
  "quality_aucs": {
    "chemeleon": 0.960325925925926,
    "clamp": 0.9734370370370371,
    "rdkit": 0.9653827160493829
  },
  "active_descriptors": {
    "chemeleon": true,
    "clamp": true,
    "rdkit": true
  },
  "ad_hard_cutoffs": {
    "chemeleon": 0.05000000074505806,
    "clamp": 0.05000000074505806,
    "rdkit": 0.05000000074505806
  },
  "rank_error_curves": {
    "chemeleon": [
      [
        0.22031362071839383,
        0.28072941283069475,
        0.31151854720819344,
        0.33345158581851125,
        0.35265200956713505,
        0.37291653404045005,
        0.3933047331645248,
        0.40812397617043283,
        0.42710614717412987,
        0.44248607370371,
        0.46152872621375246,
        0.48029950889710976,
        0.49938821626331636,
        0.5197729063208445,
        0.5400396273276465,
        0.5819002372954901,
        0.6202855234944581,
        0.821300981633443,
        0.9751294753631546,
        0.9986660231988159
      ],
      [
        0.009212435139748497,
        0.009506992673791901,
        0.00963519045145541,
        0.00993884493538197,
        0.010790046427102436,
        0.012279322038044396,
        0.011097582965743485,
        0.011379323978229135,
        0.011752754228085867,
        0.015833193674442796,
        0.01160962176755348,
        0.011919979728028378,
        0.013169043860191203,
        0.0123738227030379,
        0.014818961254838899,
        0.019945147237147683,
        0.024721533072855153,
        0.197272836697274,
        0.27676822128326567,
        0.2306251890291612
      ]
    ],
    "clamp": [
      [
        0.10650818414593677,
        0.14754759272698723,
        0.17473411752344012,
        0.20415782066506794,
        0.23838128280043552,
        0.2696142326192626,
        0.2998523999368308,
        0.3356564803019211,
        0.3688419902424552,
        0.4046973962291101,
        0.4386792090643573,
        0.4713850159116388,
        0.5073291886211865,
        0.543309264419577,
        0.59391694666717,
        0.6612904489733563,
        0.7247987177190203,
        0.8930249475245947,
        0.968780118778984,
        0.9990140667459226
      ],
      [
        0.011721857043319586,
        0.012266825173643974,
        0.012635289211492724,
        0.012837264721164409,
        0.013038329992435982,
        0.01327992407305621,
        0.013617118994446098,
        0.01385893884844046,
        0.014240921777803752,
        0.014488416292019432,
        0.014734643359203537,
        0.015042270324181069,
        0.015653342759905656,
        0.016084511269313123,
        0.016708505222889417,
        0.017373367581729235,
        0.018861954370563636,
        0.16402981530779126,
        0.14467744005317443,
        0.10696388007972002
      ]
    ],
    "rdkit": [
      [
        0.18081037787762788,
        0.24387975294217795,
        0.2852139703520227,
        0.3077899745287211,
        0.32938296625905017,
        0.34549390293345306,
        0.3680791203485741,
        0.3954660456739818,
        0.4235313642422905,
        0.4515114898151984,
        0.4805399588362163,
        0.512751447410488,
        0.5489377134465165,
        0.5817814014726487,
        0.6176153215960175,
        0.6707456412012744,
        0.7435048539579436,
        0.8920056058210151,
        0.9661391989532351,
        0.9970681441439221
      ],
      [
        0.00785621166218429,
        0.00873050615779532,
        0.009467669588200767,
        0.010640932839726367,
        0.011416368767410734,
        0.012358289190505075,
        0.013266689977186804,
        0.013831079286789501,
        0.015481210397987614,
        0.016202745220304984,
        0.015848113577176744,
        0.018813103516051165,
        0.019477512911525736,
        0.021240921271269517,
        0.02424204432074412,
        0.030747058248005513,
        0.05952961589678909,
        0.18598178521028957,
        0.17915167019687886,
        0.12972980276504673
      ]
    ]
  },
  "decision_cutoff_logit": -1.816671494704238,
  "decision_cutoff_lift": 1.3983374673337718
}