{
  "task": "classification",
  "format": "onnx",
  "preset_name": "default",
  "use_linear": false,
  "n_features_in": 1832,
  "classes": [
    0,
    1
  ],
  "params": {
    "C": 1.0,
    "kernel": "rbf",
    "gamma": "scale",
    "class_weight": "balanced",
    "max_iter": 3050,
    "tol": 0.001,
    "random_state": 42,
    "use_linear": false
  },
  "profile": {
    "n_samples": 610,
    "n_features": 1832,
    "n_p_ratio": 0.3329694323144105,
    "sparsity": 0.0,
    "is_sparse_counts": false,
    "binary_feature_fraction": 0.0,
    "feature_signal_strength": 0.10256347895154103,
    "feature_signal_p90": 0.2057683995160532,
    "task": "classification",
    "imbalance_ratio": 9.0,
    "y_skewness": 0.0,
    "y_all_positive": false
  },
  "portfolio_scores": {
    "heuristic": 0.9846913580246914,
    "default": 0.9846913580246914,
    "linear": 0.8533333333333334,
    "balanced_rbf": 0.988641975308642
  },
  "decision_cutoff_raw": 0.5,
  "decision_cutoff_raw_source": "oof_balanced_accuracy",
  "decision_cutoff_proba": 0.20441463689902944,
  "decision_cutoff_rank": 0.869061771878449,
  "decision_cutoff_logit": -1.3589276846408018,
  "calibrator": {
    "method": "platt",
    "coef": 7.5966373345697695,
    "intercept": -5.157246351925687
  },
  "ranker": {
    "knots": [
      0.18787386509159654,
      0.18823538403081766,
      0.19147424486046918,
      0.19306914422440574,
      0.19402974912650242,
      0.19487884806128375,
      0.19501181924603136,
      0.19586591176202142,
      0.19593363958491564,
      0.1969580029430405,
      0.19832919957801454,
      0.1996142517516165,
      0.20002012938621858,
      0.20011553374731897,
      0.20113733132307293,
      0.20125666692337604,
      0.20347454270812942,
      0.20449004942044355,
      0.2049669616179008,
      0.2052987030620814,
      0.2059082956764635,
      0.20603545209464436,
      0.20685461372122238,
      0.20730660189348776,
      0.20731825717954078,
      0.20760492108478198,
      0.2076855376075281,
      0.20783403155805183,
      0.2092306372884247,
      0.21029574521574243,
      0.21120445975396862,
      0.21230683275865592,
      0.21282651845004238,
      0.21293017267838296,
      0.21294271326680886,
      0.21364209101788587,
      0.21370709306686733,
      0.2139864648749298,
      0.21455039916598095,
      0.21467935051014797,
      0.2147549619692742,
      0.21496215676146593,
      0.21508029268815368,
      0.21561126474357686,
      0.21604144369498926,
      0.21628884057633424,
      0.21629399326389465,
      0.21656780888672852,
      0.21715708811273068,
      0.21828453113140156,
      0.21830708925798514,
      0.21831926927993445,
      0.21857464723717285,
      0.21859266776492878,
      0.21882531303012634,
      0.21897210390280364,
      0.21948910358539636,
      0.21971346970589795,
      0.22006126786596406,
      0.2200920558356623,
      0.22010081162735262,
      0.2205362574452967,
      0.220657372757624,
      0.22067365512241346,
      0.2207011380571305,
      0.22167705878688257,
      0.22185709262942882,
      0.22265603477395607,
      0.22271435174458606,
      0.22362311863050482,
      0.22380015301707698,
      0.2238384006960308,
      0.22424355134188895,
      0.22451030095099372,
      0.22451050136739983,
      0.22452657218319877,
      0.22532964154537255,
      0.22533262629320736,
      0.22545959112115913,
      0.22565361114234692,
      0.22573600196838198,
      0.22597226795648048,
      0.2262479437060145,
      0.2264133363209115,
      0.22652445806960486,
      0.2270312290345502,
      0.22728367910904337,
      0.22731159891962816,
      0.2273491112800288,
      0.22756694370991876,
      0.2276081720592343,
      0.2280568499428265,
      0.22814266137430328,
      0.2285521513978143,
      0.22878261184401064,
      0.2288691691855342,
      0.22940994459188954,
      0.22971134164133497,
      0.22999975549442248,
      0.23008101321425517,
      0.2303887403878454,
      0.2308934582955259,
      0.23093422500722166,
      0.23152556891140172,
      0.23211928474109583,
      0.2325906285502405,
      0.23286007188888866,
      0.23289108426918387,
      0.23320324914335164,
      0.23324302396439167,
      0.23344232845686214,
      0.2337007555809351,
      0.2339246293976637,
      0.23463127812321943,
      0.23517539307116725,
      0.23523653543870393,
      0.2353726036903623,
      0.23542172899801037,
      0.23545588498131118,
      0.235481443052271,
      0.23557845877721745,
      0.23579960401735114,
      0.2358495606323281,
      0.23599535345563374,
      0.23611075686259284,
      0.23622766988838054,
      0.23636958815896197,
      0.23640890720834695,
      0.23652085008878657,
      0.23661536851488868,
      0.2366459248391458,
      0.2369529519708051,
      0.2371057500648921,
      0.2373201790252324,
      0.2373284340383283,
      0.23740939556338442,
      0.23787687369411237,
      0.23796909459814855,
      0.23804416219120644,
      0.23815869751497365,
      0.23818892546842707,
      0.23820143541445435,
      0.23823995961635053,
      0.2383644989746061,
      0.23843437470485898,
      0.23864547208814088,
      0.23876447180070812,
      0.23899732879066007,
      0.2390233101481474,
      0.23917205837586708,
      0.23921597156666538,
      0.239434828218429,
      0.2395804565850147,
      0.23959346631904305,
      0.23967648104109834,
      0.2398589062713794,
      0.2400009197880113,
      0.2403391618898249,
      0.2404210796141982,
      0.24050358159037888,
      0.2406170289241707,
      0.24065876037662653,
      0.2408896147880615,
      0.2409315077532715,
      0.2413124853929851,
      0.2414522839292506,
      0.24147603545885324,
      0.24151681270535544,
      0.24155380240965785,
      0.24157127692520314,
      0.24174315311222286,
      0.24176499900713577,
      0.24187858517300395,
      0.24214770347257128,
      0.24229757189034518,
      0.24246528649162938,
      0.24248876600483363,
      0.24251852366901172,
      0.2426478029108969,
      0.24303389423452548,
      0.24317380499097177,
      0.24321385481355778,
      0.2432943175588885,
      0.24335593887413862,
      0.2434947016984907,
      0.24379466823922846,
      0.24384336408877946,
      0.2439227427853336,
      0.2444264959305353,
      0.24445559759631463,
      0.2446941764074449,
      0.24488682097644673,
      0.24492935312656505,
      0.2449336451007828,
      0.24498370037104816,
      0.24503817918441323,
      0.24514751281032535,
      0.24535925938733696,
      0.24553230931308212,
      0.2455450094591494,
      0.24559013870116195,
      0.24561019144546634,
      0.2456426709995062,
      0.24572056806032416,
      0.24588845964241463,
      0.24639392564671958,
      0.2464273810385332,
      0.24644360923314207,
      0.24658424871851106,
      0.24664875652972118,
      0.24686538346542738,
      0.24704874520992653,
      0.24710889535623,
      0.247165227868065,
      0.24718461422006327,
      0.2473764340449551,
      0.24754833280157815,
      0.24776702576706391,
      0.24793975742003374,
      0.2479822479810763,
      0.24808272479659457,
      0.24813065719331237,
      0.24845152315037444,
      0.24854483358385068,
      0.24877691967808907,
      0.24893474449655795,
      0.24897117994846768,
      0.2491288445666592,
      0.24937923569576764,
      0.24974230906772713,
      0.249796838070148,
      0.2499964873631126,
      0.25004034442390727,
      0.25013903314957064,
      0.2502134159494951,
      0.25034805183718245,
      0.2505241054928518,
      0.25071775748831726,
      0.2510122750931851,
      0.2513895245209802,
      0.25155762575086715,
      0.25173227019928046,
      0.2517700552731878,
      0.2519204083345712,
      0.2519978892406933,
      0.25207651341375065,
      0.252315049055719,
      0.25241680391726584,
      0.2526698506429325,
      0.25273616849006153,
      0.2528775445576921,
