{
  "task": "classification",
  "format": "onnx",
  "preset_name": "default",
  "best_iteration": 99,
  "params": {
    "tree_method": "hist",
    "device": "cpu",
    "learning_rate": 0.3,
    "max_depth": 6,
    "min_child_weight": 1,
    "subsample": 1.0,
    "colsample_bytree": 1.0,
    "reg_alpha": 0.0,
    "reg_lambda": 1.0,
    "max_bin": 256,
    "n_estimators": 2000,
    "early_stopping_rounds": 50,
    "nthread": 64,
    "objective": "binary:logistic",
    "scale_pos_weight": 9.0,
    "eval_metric": "auc"
  },
  "profile": {
    "n_samples": 610,
    "n_features": 1832,
    "n_p_ratio": 0.3329694323144105,
    "sparsity": 0.0,
    "is_sparse_counts": false,
    "binary_feature_fraction": 0.0,
    "feature_signal_strength": 0.10256347895154103,
    "feature_signal_p90": 0.2057683995160532,
    "task": "classification",
    "imbalance_ratio": 9.0,
    "y_skewness": 0.0,
    "y_all_positive": false
  },
  "portfolio_scores": {
    "flaml": NaN,
    "autogluon": NaN,
    "heuristic": 0.9611522633744857,
    "default": 0.9629629629629629
  },
  "decision_cutoff_raw": 0.010835720226168633,
  "decision_cutoff_raw_source": "oof_balanced_accuracy",
  "decision_cutoff_proba": 0.038738532951183645,
  "decision_cutoff_rank": 0.7980295566502463,
  "decision_cutoff_logit": -3.2114116618934276,
  "calibrator": {
    "method": "platt",
    "coef": 4.674578227222327,
    "intercept": -3.2620640837389483
  },
  "ranker": {
    "knots": [
      9.482488530920818e-05,
      0.00010367640061303973,
      0.00010641262633726001,
      0.00010851574916159734,
      0.0001207605964737013,
      0.00012280941882636398,
      0.00012973013508599252,
      0.00013258108810987324,
      0.00013461601338349283,
      0.0001348647492704913,
      0.0001396914740325883,
      0.00013980541552882642,
      0.00014039615052752197,
      0.00014578150876332074,
      0.00014855546760372818,
      0.0001539374206913635,
      0.00015477075066883117,
      0.00015597596939187497,
      0.00015959478332661092,
      0.00016328167112078518,
      0.00016655206854920834,
      0.0001673711376497522,
      0.00016995487385429442,
      0.00017083009879570454,
      0.00017512663907837123,
      0.00017596641555428505,
      0.0001769905211403966,
      0.00017699305317364633,
      0.0001773486437741667,
      0.0001777166617102921,
      0.0001778364967321977,
      0.00017784142983146012,
      0.00018009409541264176,
      0.0001811453403206542,
      0.0001842317869886756,
      0.0001852819259511307,
      0.00019161739328410476,
      0.00019267633615527302,
      0.0001936613698489964,
      0.00019468613027129322,
      0.00019851422985084355,
      0.0001995640923269093,
      0.00020489044254645705,
      0.00020632644009310752,
      0.00020846407278440893,
      0.00020881100499536842,
      0.0002091999922413379,
      0.0002114155504386872,
      0.00021204461518209428,
      0.00021503755124285817,
      0.00021617849415633827,
      0.00021678947086911649,
      0.00021709746215492487,
      0.00021763322001788765,
      0.00022003392223268747,
      0.0002219661691924557,
      0.00022359153081197292,
      0.00022384387557394803,
      0.0002245227515231818,
      0.0002271171979373321,
      0.00023121175763662905,
      0.00023174785019364208,
      0.00023244557087309659,
      0.0002345015382161364,
      0.00023507843434344977,
      0.0002353399177081883,
      0.00024020754790399224,
      0.00024044608289841563,
      0.0002412015019217506,
      0.00024524881155230105,
      0.0002461570256855339,
      0.0002478186215739697,
      0.000249261996941641,
      0.0002512795035727322,
      0.0002513602375984192,
      0.0002531199133954942,
      0.00025321092107333243,
      0.0002549434721004218,
      0.0002555413811933249,
      0.000257039035204798,
      0.0002571694494690746,
      0.00026006813277490437,
      0.00026112483465112746,
      0.00026314446586184204,
      0.0002685778308659792,
      0.0002709217951633036,
      0.00027410974144004285,
      0.00027423157007433474,
      0.0002743696386460215,
      0.0002748849510680884,
      0.00027578245499171317,
      0.00027602416230365634,
      0.00027723421226255596,
      0.00027768153813667595,
      0.0002797166525851935,
      0.00028051328263245523,
      0.00028769767959602177,
      0.0002969324414152652,
      0.0002972522343043238,
      0.000298425555229187,
      0.00029861053917557,
      0.00029945955611765385,
      0.0002998658164869994,
      0.0003040759183932096,
      0.00030450092162936926,
      0.0003081588074564934,
      0.0003092097176704556,
      0.0003103440976701677,
      0.00031078202300705016,
      0.0003112496342509985,
      0.00031264382414519787,
      0.0003144862421322614,
      0.0003154925361741334,
      0.00031674568890593946,
      0.0003196131729055196,
      0.0003200482751708478,
      0.0003203098603989929,
      0.000321264989906922,
      0.00032201840076595545,
      0.0003228382265660912,
      0.0003229401190765202,
      0.0003249084984418005,
      0.00032591025228612125,
      0.00032608522451482713,
      0.0003305444843135774,
      0.0003316771471872926,
      0.0003322746779303998,
      0.0003365054726600647,
      0.0003368077741470188,
      0.00033719654311425984,
      0.0003401686844881624,
      0.00034524183138273656,
      0.0003468190261628479,
      0.0003473242686595768,
      0.0003515339340083301,
      0.00035169432521797717,
      0.00035429850686341524,
      0.00035461955121718347,
      0.00035525127896107733,
      0.0003563241334632039,
      0.00035963684786111116,
      0.00036311536678113043,
      0.00036560880835168064,
      0.0003685754199977964,
      0.00036989172804169357,
      0.000373502989532426,
      0.00037454039556905627,
      0.00037522087222896516,
      0.00037670828169211745,
      0.00037671116297133267,
      0.00037710656761191785,
      0.0003818896075244993,
      0.0003830877540167421,
      0.00038919461076147854,
      0.00039008475141599774,
      0.0003904806508217007,
      0.000391779700294137,
      0.00039803568506613374,
      0.0004000079643446952,
      0.00040112584247253835,
      0.00040669640293344855,
      0.0004068780690431595,
      0.00040787766920402646,
      0.0004079507780261338,
      0.0004159094823990017,
      0.00041856139432638884,
      0.0004186242294963449,
      0.00042081804713234305,
      0.00042562928865663707,
      0.00043077979353256524,
      0.0004339472216088325,
      0.000436690344940871,
      0.0004372895637061447,
      0.00044404645450413227,
      0.00044592792983166873,
      0.00044675718527287245,
      0.0004475640889722854,
      0.00045015144860371947,
      0.00045320752542465925,
      0.00045483745634555817,
      0.0004578454536385834,
      0.0004592468321789056,
      0.0004613395140040666,
      0.00046362465946003795,
      0.00046509315143339336,
      0.00046722314436919987,
      0.00046955019934102893,
      0.0004704071907326579,
      0.0004707287880592048,
      0.0004749040526803583,
      0.0004789072263520211,
      0.0004801310715265572,
      0.0004844626528210938,
      0.0004888640251010656,
      0.0004892306751571596,
      0.0004923298838548362,
      0.0004944523680023849,
      0.0004950878792442381,
      0.000495317333843559,
      0.0004993265029042959,
      0.000503860239405185,
      0.0005085472948849201,
      0.0005087826866656542,
      0.0005123066948726773,
      0.0005184774054214358,
      0.0005204661865718663,
      0.0005211708485148847,
      0.0005213649128563702,
      0.0005251699476502836,
      0.0005276536685414612,
      0.0005358617636375129,
      0.0005370050203055143,
      0.0005437059444375336,
      0.0005462999106384814,
      0.0005470486939884722,
      0.0005474109202623367,
      0.000549049349501729,
      0.0005500168190337718,
      0.0005513145588338375,
      0.0005599724245257676,
      0.000560382439289242,
      0.0005619555013254285,
