{
    "portfolio": [
        "lr",
        "xgb",
        "rf",
        "svc"
    ],
    "max_batch_size": 100000,
    "max_imbalance_ratio": 100,
    "num_batches": 1,
    "population_prior": 0.1,
    "batch_priors": [
        0.1
    ],
    "decision_cutoff_raw": 0.4359672221698938,
    "decision_cutoff_proba": 0.15088131425744924,
    "decision_cutoff_rank": 0.8624813153961137,
    "decision_cutoff_logit": -1.7277054418294677,
    "decision_cutoff_lift": 1.5088131425744924
}