{
  "mode": "slow",
  "descriptor_types": [
    "chemeleon",
    "cddd",
    "clamp"
  ],
  "n_compounds": 1110,
  "n_actives": 111,
  "ratio_actives": 0.1,
  "population_prior": 0.1,
  "portfolio": [
    "lr",
    "xgb",
    "rf",
    "svc"
  ],
  "num_batches": {
    "chemeleon": 1,
    "cddd": 1,
    "clamp": 1
  },
  "decision_cutoff_raw": 0.4840535038420161,
  "decision_cutoff_proba": 0.2737605822407186,
  "decision_cutoff_rank": 0.8999849810551782,
  "oof_aucs": {
    "chemeleon": 1.0,
    "cddd": 1.0,
    "clamp": 1.0
  },
  "proxy_aucs": {
    "chemeleon": 1.0,
    "cddd": 1.0,
    "clamp": 1.0
  },
  "train_aucs": {
    "chemeleon": 1.0,
    "cddd": 1.0,
    "clamp": 1.0
  },
  "quality_aucs": {
    "chemeleon": 1.0,
    "cddd": 1.0,
    "clamp": 1.0
  },
  "active_descriptors": {
    "chemeleon": true,
    "cddd": true,
    "clamp": true
  },
  "ad_hard_cutoffs": {
    "chemeleon": 0.052250005304813385,
    "cddd": 0.052250005304813385,
    "clamp": 0.052250005304813385
  },
  "rank_error_curves": {
    "chemeleon": [
      [
        0.16707871614099407,
        0.18112805049691677,
        0.20143986862015817,
        0.2206339220694719,
        0.23707437182615715,
        0.2604912528430076,
        0.28879728870966176,
        0.31391847172441245,
        0.3416353281854945,
        0.363481559630909,
        0.397507005034598,
        0.43004666814282977,
        0.4745623711775149,
        0.5201712870203948,
        0.5592714506983849,
        0.6438804459637927,
        0.7266480330699908,
        0.8379305018460964,
        0.9645796494942002,
        0.9999507441495485
      ],
      [
        0.0077813431606431616,
        0.008279438696732016,
        0.008669409173620779,
        0.009072102060473236,
        0.009339652373882602,
        0.009696276823150687,
        0.010229176278208171,
        0.010814521070487646,
        0.010877725672003584,
        0.010997497753686612,
        0.011712825580773932,
        0.011629337487727324,
        0.01252049307939703,
        0.014094502861240702,
        0.016253257769931632,
        0.014426561710396397,
        0.018386162217836354,
        0.08396255136421144,
        0.14375900040835596,
        0.11151042512031485
      ]
    ],
    "cddd": [
      [
        0.16310728268875888,
        0.1845616241974715,
        0.21577876624067174,
        0.24718770577181667,
        0.2718828678076386,
        0.2964235262809293,
        0.3259907740768899,
        0.34967297762571903,
        0.3842291549666237,
        0.42665292136028776,
        0.46377120236945,
        0.4960178802791821,
        0.5251067293236724,
        0.5650154494699399,
        0.6102550684942731,
        0.6624807712016181,
        0.7315686216847662,
        0.8211879608000678,
        0.9691105263879944,
        0.9996644770537892
      ],
      [
        0.0103574801391244,
        0.010927156162796874,
        0.01126927523398115,
        0.011579307239312777,
        0.011518962565227163,
        0.011936171120563107,
        0.01216378632227221,
        0.012134157503255008,
        0.01263235250947999,
        0.012866884102900635,
        0.013126712767816122,
        0.013203343373170003,
        0.013425716206163825,
        0.01418691736763035,
        0.014201935144176904,
        0.014765854743785015,
        0.015296354396216863,
        0.053387489946383954,
        0.09930394745817091,
        0.08468321317093423
      ]
    ],
    "clamp": [
      [
        0.19223983243267698,
        0.20619059099470272,
        0.21801770028910822,
        0.2338129130501404,
        0.2517839057464284,
        0.26833662184294393,
        0.28113944944458474,
        0.29479023980859803,
        0.31021056204822917,
        0.32724771179159096,
        0.34350110749683216,
        0.362778504271145,
        0.38389535401310665,
        0.39775857084859034,
        0.42130354264350256,
        0.47006895332710996,
        0.5368346896607108,
        0.8415425346814083,
        0.9858340624824264,
        0.9999431896504298
      ],
      [
        0.010432413538365395,
        0.011228144131062368,
        0.0117627529118782,
        0.011903783173934363,
        0.012484158420875724,
        0.012852953618910869,
        0.013318048858713002,
        0.01367440542479096,
        0.013443119796654999,
        0.014395658809423435,
        0.01385321087284486,
        0.014780299176030898,
        0.01523829702481182,
        0.01524289583368854,
        0.01759236847237397,
        0.019664959381530914,
        0.022515524765397445,
        0.08633729521709242,
        0.13166716870874898,
        0.11673803934938423
      ]
    ]
  },
  "decision_cutoff_logit": -0.9756258000177408,
  "decision_cutoff_lift": 2.7376058224071858
}