{
  "n_components": 45,
  "n_features_in": 2048,
  "n_cal_knots": 200,
  "cal_min": 2.6044058799743652,
  "cal_max": 88.51231384277344,
  "scaler": "standard"
}