{
  "n_components": 45,
  "n_features_in": 2048,
  "n_cal_knots": 200,
  "cal_min": 1.0897046327590942,
  "cal_max": 38.924530029296875,
  "scaler": "standard"
}