{
  "task": "classification",
  "format": "onnx",
  "preset_name": "balanced_rbf",
  "use_linear": false,
  "n_features_in": 768,
  "classes": [
    0,
    1
  ],
  "params": {
    "C": 16.7033,
    "kernel": "rbf",
    "gamma": "scale",
    "class_weight": "balanced",
    "max_iter": 3250,
    "tol": 0.001,
    "random_state": 42,
    "use_linear": false
  },
  "profile": {
    "n_samples": 650,
    "n_features": 768,
    "n_p_ratio": 0.8463541666666666,
    "sparsity": 0.0,
    "is_sparse_counts": false,
    "binary_feature_fraction": 0.0,
    "feature_signal_strength": 0.12477477340008009,
    "feature_signal_p90": 0.25407521792517546,
    "task": "classification",
    "imbalance_ratio": 1.3297491039426523,
    "y_skewness": 0.0,
    "y_all_positive": false
  },
  "portfolio_scores": {
    "heuristic": 0.9478764478764479,
    "default": 0.9536679536679536,
    "linear": 0.9642857142857143,
    "balanced_rbf": 0.9797297297297298
  },
  "decision_cutoff_raw": 0.5684700351257593,
  "decision_cutoff_raw_source": "oof_balanced_accuracy",
  "decision_cutoff_proba": 0.5805314436279261,
  "decision_cutoff_rank": 0.6178736517719569,
  "decision_cutoff_logit": 0.32495539804231344,
  "calibrator": {
    "method": "platt",
    "coef": 7.51930617656843,
    "intercept": -3.949544848272881
  },
  "ranker": {
    "knots": [
      0.06476225900656446,
      0.08907967409443382,
      0.09995756694064578,
      0.10267891627580612,
      0.10304527756430493,
      0.10732045499014362,
      0.10800472878020244,
      0.10854041700101759,
      0.11734778647054117,
      0.12163308147526829,
      0.12342316516803577,
      0.12478269844076506,
      0.12611415088458675,
      0.13228146395364695,
      0.13389867860927443,
      0.13408418933246552,
      0.1365485352286728,
      0.1367421533873281,
      0.14113379214822203,
      0.14169039175364861,
      0.1438612229501198,
      0.15191493623331062,
      0.15192907827084864,
      0.15200135705233433,
      0.15421957477174153,
      0.1542534790237825,
      0.155231900271503,
      0.15785521682696835,
      0.1590939396759143,
      0.16101335023493757,
      0.1617980868968127,
      0.1632404807010044,
      0.1634035593381312,
      0.16932061323810485,
      0.172060747488724,
      0.17207049461857796,
      0.1725408939563616,
      0.17262110364282165,
      0.17291900218162223,
      0.17535416733492984,
      0.17611906241434572,
      0.17922724182953173,
      0.18079678553559647,
      0.18119289297193214,
      0.1812700977134172,
      0.18175738712618333,
      0.1819455320433069,
      0.1848154549506176,
      0.18494720784497526,
      0.1889503033936545,
      0.1890746907667571,
      0.1904858034974002,
      0.19199354513829917,
      0.19354137986545009,
      0.19420862228646052,
      0.19451444099419288,
      0.1963490795191383,
      0.19640462695765498,
      0.19957711739825107,
      0.20065951789203515,
      0.20094596874905174,
      0.2023134342569876,
      0.20435568452090278,
      0.2057506427643759,
      0.20580145785293602,
      0.2070671933161185,
      0.20718049688068418,
      0.20788078193130063,
      0.2098845509364026,
      0.21027276599959874,
      0.21057027563716996,
      0.21242551947570146,
      0.21316665666657353,
      0.21351500651964053,
      0.21431194350008284,
      0.21544089521037166,
      0.2155820428699922,
      0.2158743168578446,
      0.21856258570044268,
      0.22008366005176594,
      0.22056918928076805,
      0.22057445206246884,
      0.2211215111940245,
      0.222150782683457,
      0.22434114470636068,
      0.22449259376323752,
      0.2252663102085423,
      0.22566454923958718,
      0.22578674871676,
      0.22595014562210625,
      0.22653173946304825,
      0.2278213833912138,
      0.2284635126602884,
      0.22874874266211942,
      0.2290922115367262,
      0.22994509429595766,
      0.23172149986989518,
      0.23201743580424655,
      0.23238089857451164,
      0.23248395707131142,
      0.23369500271159355,
      0.23466199917376143,
      0.23516891931070297,
      0.23632167406399532,
      0.23644421043748168,
      0.23761839469557344,
      0.23795968213212568,
      0.23806511707563907,
      0.23830188574199385,
      0.23952711102509538,
      0.2404288908117684,
      0.24046178912518154,
      0.24100973443561002,
      0.24332373363080445,
      0.24337292107384126,
      0.24342069975753144,
      0.2434328352742684,
      0.24407017039040063,
      0.24411018503670237,
      0.2449704970171915,
      0.24497386579606326,
      0.2452091036499774,
      0.24562104754372033,
      0.2456292295164753,
      0.24581479577373588,
      0.24703566909798924,
      0.2470937630824221,
      0.24730982682066643,
      0.24757828525173153,
      0.2478518632111282,
      0.24897077473630155,
      0.2500479951697963,
      0.25034832670928847,
      0.2509612789557044,
      0.25098218851320775,
      0.25144637190087565,
      0.2515237538945382,
      0.25184695560450754,
      0.25375894796768467,
      0.2545093256921169,
      0.2547611468311525,
      0.25490044001327117,
      0.2554669507556288,
      0.25737112747188723,
      0.25758626803550005,
      0.2576004827385097,
      0.25774445220535747,
      0.257955865477179,
      0.2583669408552435,
      0.25858101078050777,
      0.2589034202011247,
      0.2591868263629781,
      0.2594251743115435,
      0.2594693188581243,
      0.2595625431171125,
      0.2604732970414916,
      0.26050906606987784,
      0.2605545128409135,
      0.26098131238055544,
      0.26116862331145047,
      0.26130936501323293,
      0.2614497102327143,
      0.26168217801777854,
      0.26214764261026446,
      0.2621731879910178,
      0.2622539647658228,
      0.2626002968417899,
      0.26294366336273856,
      0.2632706070135394,
      0.2634568865236172,
      0.263566651581913,
      0.2635877302073575,
      0.26369434048098045,
      0.2643300246307778,
      0.26441017831883584,
      0.26512267564105635,
      0.2655704422068652,
      0.2672017315518695,
      0.26763457582388567,
      0.26806278574065234,
      0.2683577352762674,
      0.2685188853245977,
      0.26894277162579255,
      0.2689884066284246,
      0.2698801645689343,
      0.27031897053000975,
      0.27047005544542635,
      0.2708504253945448,
      0.2710457024050326,
      0.2711307979694353,
      0.2713870706928785,
      0.2720452295949145,
      0.2721211309375612,
      0.2727804337602987,
      0.272976807582827,
      0.2732276286832307,
      0.2733370715054948,
      0.27341527852947967,
      0.27367640001779564,
      0.2741786581329183,
      0.2748386356502559,
      0.27621974390473875,
      0.27646817672238055,
      0.27652597138324553,
      0.2765318395827228,
      0.2766223157086503,
      0.2767823340613143,
      0.2771958586860098,
      0.27757306885132194,
      0.278778928747172,
      0.27879734983179616,
      0.28055375325859305,
      0.28076291166502215,
      0.2813449292078805,
      0.2816370932526122,
      0.2817015214181688,
      0.28174661168730314,
      0.28181793451644277,
      0.2824971757292167,
      0.2837075125984336,
      0.28499097759829284,
      0.2858992821746508,
      0.28695675981033325,
      0.2880096127534262,
      0.29152737515565114,
      0.2918736751012868,
      0.2925908644609915,
      0.2933388499989013,
      0.2940711622848121,
      0.29438812197164305,
      0.2948945651220399,
      0.2961049332224639,
      0.29760555953529877,
      0.2976117542573588,
      0.29846483362742865,
      0.2985292521798971,
      0.2987258158133803,
      0.2992282534301428,
      0.29985358432389864,
      0.3009326399494408,
      0.3022217605982648,
      0.30267140835833056,
      0.3037980850635506,
      0.304467363549721,
      0.3057182187831944,
      0.3063261072517639,
      0.30664342850066734,
      0.30705455435865125,
      0.30838458267555363,
      0.31264185160462027,
      0.3133596938700865,
