{
  "task": "classification",
  "format": "onnx",
  "preset_name": "default",
  "best_iteration": 99,
  "params": {
    "tree_method": "hist",
    "device": "cpu",
    "learning_rate": 0.3,
    "max_depth": 6,
    "min_child_weight": 1,
    "subsample": 1.0,
    "colsample_bytree": 1.0,
    "reg_alpha": 0.0,
    "reg_lambda": 1.0,
    "max_bin": 256,
    "n_estimators": 2000,
    "early_stopping_rounds": 50,
    "nthread": 56,
    "objective": "binary:logistic",
    "scale_pos_weight": 1.3297,
    "eval_metric": "auc"
  },
  "profile": {
    "n_samples": 650,
    "n_features": 768,
    "n_p_ratio": 0.8463541666666666,
    "sparsity": 0.0,
    "is_sparse_counts": false,
    "binary_feature_fraction": 0.0,
    "feature_signal_strength": 0.12477477340008009,
    "feature_signal_p90": 0.25407521792517546,
    "task": "classification",
    "imbalance_ratio": 1.3297491039426523,
    "y_skewness": 0.0,
    "y_all_positive": false
  },
  "portfolio_scores": {
    "flaml": NaN,
    "autogluon": NaN,
    "heuristic": 0.9266409266409266,
    "default": 0.935006435006435
  },
  "decision_cutoff_raw": 0.611074686050415,
  "decision_cutoff_raw_source": "oof_balanced_accuracy",
  "decision_cutoff_proba": 0.6413742269343745,
  "decision_cutoff_rank": 0.6286594761171033,
  "decision_cutoff_logit": 0.5813336739988693,
  "calibrator": {
    "method": "platt",
    "coef": 4.400050170534444,
    "intercept": -2.107425602566541
  },
  "ranker": {
    "knots": [
      0.00017700149328447878,
      0.0002593930985312909,
      0.0002706176892388612,
      0.0003322442644275725,
      0.0004994610208086669,
      0.0005724955699406564,
      0.0006081521860323846,
      0.0006501928437501192,
      0.0006513818516395986,
      0.0006860834546387196,
      0.0006966852815821767,
      0.0007078281487338245,
      0.0007518979837186635,
      0.0007536030607298017,
      0.0007840810576453805,
      0.0008230287930928171,
      0.0008230287930928171,
      0.0008478658273816109,
      0.000854533223900944,
      0.0008798128692433238,
      0.000889117072802037,
      0.0009400334092788398,
      0.0009648656705394387,
      0.000983492936939001,
      0.0009850210044533014,
      0.001003334647975862,
      0.001033489010296762,
      0.0010682055726647377,
      0.0010750095825642347,
      0.0010805329075083137,
      0.001084769843146205,
      0.001085425610654056,
      0.0011347801191732287,
      0.0011376402107998729,
      0.0011378173949196935,
      0.001137866172939539,
      0.0011672821128740907,
      0.001178359379991889,
      0.0011881114915013313,
      0.0012032887898385525,
      0.0012162477942183614,
      0.0012374912621453404,
      0.0012450650101527572,
      0.0012457685079425573,
      0.0012710194569081068,
      0.0013121850788593292,
      0.0013459782348945737,
      0.0013732596999034286,
      0.0013788254000246525,
      0.0013821496395394206,
      0.0014016537461429834,
      0.0014270949177443981,
      0.0015135147841647267,
      0.001513685449026525,
      0.0015166403027251363,
      0.001528568915091455,
      0.0015386129962280393,
      0.0015636865282431245,
      0.0015639092307537794,
      0.0015728111611679196,
      0.001589870429597795,
      0.0016035203589126468,
      0.0016087995609268546,
      0.0016727405600249767,
      0.00177462596911937,
      0.001779073034413159,
      0.0017806421965360641,
      0.0017987132305279374,
      0.001837544608861208,
      0.0019000445026904345,
      0.001901907380670309,
      0.0019066500244662166,
      0.0019217591034248471,
      0.0020043356344103813,
      0.002087400062009692,
      0.0020986562594771385,
      0.0021155904978513718,
      0.0021230813581496477,
      0.002162168500944972,
      0.002187720499932766,
      0.002245950745418668,
      0.0023150171618908644,
      0.002366334665566683,
      0.002619317267090082,
      0.002620997140184045,
      0.0026421817019581795,
      0.002678081626072526,
      0.0027727673295885324,
      0.0027836449444293976,
      0.0028282110579311848,
      0.0030009043402969837,
      0.00300324778072536,
      0.0030340165831148624,
      0.0031112157739698887,
      0.0032225255854427814,
      0.0033011024352163076,
      0.00333462399430573,
      0.00339735159650445,
      0.003468204289674759,
      0.0034721551928669214,
      0.0034851410891860723,
      0.003527331631630659,
      0.0035295728594064713,
      0.003560059005394578,
      0.0035663109738379717,
      0.0036283351946622133,
      0.0036320174112915993,
      0.0036338537465780973,
      0.0037132599391043186,
      0.00373543961904943,
      0.003744330257177353,
      0.003762756707146764,
      0.0038880149368196726,
      0.003958799410611391,
      0.003970549441874027,
      0.003985548857599497,
      0.004025652538985014,
      0.0040366933681070805,
      0.0040631541050970554,
      0.004250276368111372,
      0.004260815680027008,
      0.004317046608775854,
      0.004353690426796675,
      0.004419939126819372,
      0.004562461283057928,
      0.0046156891621649265,
      0.004684714134782553,
      0.004809554200619459,
      0.0048130471259355545,
      0.004825630225241184,
      0.0048373364843428135,
      0.004887123592197895,
      0.004932573530822992,
      0.0049390047788619995,
      0.005244955886155367,
      0.005399768240749836,
      0.005417115055024624,
      0.005422052927315235,
      0.005424148868769407,
      0.005605779122561216,
      0.005736789666116238,
      0.005913646891713142,
      0.006259100511670113,
      0.006294043269008398,
      0.0063432059250772,
      0.006449129432439804,
      0.00645424285903573,
      0.0064977253787219524,
      0.006533474195748568,
      0.006551816593855619,
      0.006641304586082697,
      0.006644715555012226,
      0.0067202989012002945,
      0.006721903569996357,
      0.006751407403498888,
      0.0067643956281244755,
      0.006947412621229887,
      0.00703725591301918,
      0.007399021182209253,
      0.007405905518680811,
      0.007643735967576504,
      0.007867749780416489,
      0.007940596900880337,
      0.007944737561047077,
      0.007979602552950382,
      0.008064115419983864,
      0.008086222223937511,
      0.008154393173754215,
      0.00815888773649931,
      0.008339961059391499,
      0.00846770592033863,
      0.008730940520763397,
      0.008755587972700596,
      0.008786722086369991,
      0.008796753361821175,
      0.00880082044750452,
      0.008986307308077812,
      0.009077168069779873,
      0.009141574613749981,
      0.009142326191067696,
      0.009236695244908333,
      0.009323709644377232,
      0.009594832547008991,
      0.009796601720154285,
      0.0098470663651824,
      0.009855424053966999,
      0.00988625269383192,
      0.010509218089282513,
      0.010555677115917206,
      0.0106169693171978,
      0.010675682686269283,
      0.01070259977132082,
      0.010841170325875282,
      0.011189267970621586,
      0.011379933916032314,
      0.011489867232739925,
      0.011601937934756279,
      0.011698233895003796,
      0.012070939876139164,
      0.012095062993466854,
      0.01224046852439642,
      0.012319641187787056,
      0.012646509334445,
      0.012834359891712666,
      0.01285182498395443,
      0.01292557641863823,
      0.01321314461529255,
      0.013218088075518608,
      0.013516327366232872,
      0.013524474576115608,
      0.013854225166141987,
      0.01416640542447567,
      0.01509944535791874,
      0.01529852207750082,
      0.015312040224671364,
      0.016024576500058174,
      0.016063660383224487,
      0.016103433445096016,
      0.01617405191063881,
      0.016526030376553535,
      0.01653180457651615,
      0.016823409125208855,
      0.01693755015730858,
      0.01728714443743229,
      0.017425624653697014,
      0.017456546425819397,
      0.017548827454447746,
      0.017579756677150726,
      0.017741624265909195,
      0.018182042986154556,
      0.01850868947803974,
