{
  "task": "classification",
  "format": "onnx",
  "preset_name": "default",
  "use_linear": false,
  "n_features_in": 1862,
  "classes": [
    0,
    1
  ],
  "params": {
    "C": 1.0,
    "kernel": "rbf",
    "gamma": "scale",
    "class_weight": "balanced",
    "max_iter": 3350,
    "tol": 0.001,
    "random_state": 42,
    "use_linear": false
  },
  "profile": {
    "n_samples": 670,
    "n_features": 1862,
    "n_p_ratio": 0.359828141783029,
    "sparsity": 0.0,
    "is_sparse_counts": false,
    "binary_feature_fraction": 0.0,
    "feature_signal_strength": 0.18209606841541007,
    "feature_signal_p90": 0.422882440980811,
    "task": "classification",
    "imbalance_ratio": 9.0,
    "y_skewness": 0.0,
    "y_all_positive": false
  },
  "portfolio_scores": {
    "heuristic": 0.9846913580246913,
    "default": 0.9841975308641975,
    "linear": 0.9585185185185184,
    "balanced_rbf": 0.9916049382716049
  },
  "decision_cutoff_raw": 0.5108172007192195,
  "decision_cutoff_raw_source": "oof_balanced_accuracy",
  "decision_cutoff_proba": 0.1875735441840544,
  "decision_cutoff_rank": 0.844544095665172,
  "decision_cutoff_logit": -1.4658543900337806,
  "calibrator": {
    "method": "platt",
    "coef": 8.12377129774317,
    "intercept": -5.615616503630088
  },
  "ranker": {
    "knots": [
      0.20866547117704567,
      0.2157765381400747,
      0.21631989225707768,
      0.21659909617088935,
      0.21668471149449198,
      0.2169839872422603,
      0.2180022486579139,
      0.2180159387716823,
      0.2180996245564217,
      0.2183140726180096,
      0.21882211425872064,
      0.22026761846379295,
      0.2210827920885744,
      0.22124505420500004,
      0.22169607254167545,
      0.22234435519559428,
      0.22239544082471205,
      0.22305707919099044,
      0.22309783461376395,
      0.2239909130115382,
      0.22432603049099947,
      0.22437190297888962,
      0.22552879814222096,
      0.22611752558660594,
      0.22628676713152768,
      0.22638478295229944,
      0.22729735954956132,
      0.22818799826803715,
      0.22843055115176183,
      0.22867078464931065,
      0.2289306115002158,
      0.2291635948955612,
      0.22919244813547926,
      0.22930168346898896,
      0.22933370242499407,
      0.22936037055265465,
      0.22944055415615616,
      0.2301159212929954,
      0.23013460589677984,
      0.23072221604184573,
      0.23073994563918546,
      0.23121453052672003,
      0.23126915524733074,
      0.23155301577894943,
      0.23205910749774075,
      0.2320668350720919,
      0.23245518836133905,
      0.23258705190503573,
      0.23263152519316266,
      0.23267011732625664,
      0.23271262860005995,
      0.23317133261128395,
      0.23324350065453575,
      0.23381379856333107,
      0.23392952905517814,
      0.23398594888040475,
      0.23423162757494856,
      0.23491558607316138,
      0.2352370058362253,
      0.23530880021517997,
      0.23535063751793503,
      0.23540911910078435,
      0.23557847697214088,
      0.23558420846267084,
      0.23562000673235767,
      0.23566158750757704,
      0.23572282722460458,
      0.23591069412059226,
      0.2360656306616508,
      0.23606918598017862,
      0.23628533182430722,
      0.2362985705770198,
      0.23642025330122135,
      0.23654705830358144,
      0.2367941480241682,
      0.23711738308563501,
      0.2372445145281959,
      0.2374305044150448,
      0.23748291596986576,
      0.23770676018028972,
      0.23786986137078642,
      0.23803761555916517,
      0.23810752274369099,
      0.23816200461773168,
      0.23835652892407388,
      0.23840053002723827,
      0.2384969217628706,
      0.2385485470282009,
      0.2385705314225328,
      0.2390926971661302,
      0.23915874643321422,
      0.23916018006987977,
      0.23925436299064698,
      0.23925494723289467,
      0.23934892240157524,
      0.23941170646126095,
      0.23943160884915032,
      0.23948266804084511,
      0.2395454526939386,
      0.23962767511117652,
      0.23971410204073804,
      0.23980104836875324,
      0.2398120960005927,
      0.23983590838047084,
      0.23990915007421543,
      0.24022146013277482,
      0.24044005644651942,
      0.2405755401347677,
      0.24102774066430277,
      0.24118969636017876,
      0.2412270028589914,
      0.24143384477138827,
      0.2414524925372453,
      0.24160894657788437,
      0.24168311352787528,
      0.2418109489723263,
      0.24182557905547197,
      0.24183393965040048,
      0.24184520108683152,
      0.24184921429303932,
      0.24193341625225437,
      0.242030306070446,
      0.24215923356689814,
      0.24225135501982875,
      0.24225510225479646,
      0.2422599615675321,
      0.24267196862549775,
      0.24275492429376977,
      0.24288009840577646,
      0.24298199647501798,
      0.24299787337519008,
      0.24302787263633135,
      0.24304109095813062,
      0.2431233974282313,
      0.2431939622270832,
      0.24331075273103506,
      0.24337721881765914,
      0.24367844114522666,
      0.24369175237898225,
      0.24370157122521993,
      0.24371634125270006,
      0.2437514743896982,
      0.24409565356437213,
      0.24420290075627143,
      0.24437341348399544,
      0.24440724422502225,
      0.2446907743676623,
      0.24483341825499302,
      0.24493324059315297,
      0.24496133298114184,
      0.24499145351385632,
      0.24526744270125128,
      0.24557003435027788,
      0.24560804143476098,
      0.24570261551655434,
      0.24591692909005924,
      0.24592052271786086,
      0.2461815499469938,
      0.2462487935355283,
      0.24659998998422034,
      0.24671608784294355,
      0.2467757333933488,
      0.24680062294077001,
      0.24701033424262034,
      0.2470141727226638,
      0.24729561440996817,
      0.2473545847730501,
      0.2474508372567658,
      0.24760225142367057,
      0.24768689450062373,
      0.2478831335116473,
      0.24791999101296708,
      0.24799450456252614,
      0.24799791642055632,
      0.2481300590279703,
      0.2481552431536465,
      0.24827584183789692,
      0.24835272815295914,
      0.24839407122056748,
      0.24848645681392922,
      0.24861396499416383,
      0.24871678443981884,
      0.24900177932031176,
      0.2491245382107129,
      0.24912515694558315,
      0.24919162984112167,
      0.24930181429416826,
      0.24932590978502886,
      0.24945719551369883,
      0.249477223981528,
      0.2494945322392008,
      0.24952832434363778,
      0.24971797582968372,
      0.24986275535317767,
      0.2500350028632017,
      0.25012130911115077,
      0.2501576747429141,
      0.2501618132691508,
      0.25021913945894253,
      0.2502457359511547,
      0.2503127257776598,
      0.2503362470138102,
      0.25038430926179833,
      0.25044124687699054,
      0.2504438295064661,
      0.250535012682621,
      0.2505650192299461,
      0.25065219970449365,
      0.2508583654395284,
      0.25092482612202405,
      0.250940057088681,
      0.2509674746021497,
      0.2509748439210256,
      0.25101644733740197,
      0.25114027569448133,
      0.25124666635492765,
      0.2513528599953358,
      0.2514457966497262,
      0.25149721956756593,
      0.2515440351842278,
      0.25159108521059714,
      0.2515980697864788,
      0.25168046002558875,
      0.2516939268437783,
      0.2517289322671818,
      0.2517329425082322,
      0.2517697038802149,
      0.2518812377851085,
      0.2519172416278946,
      0.2519448315993028,
      0.2520217796315494,
      0.25209489953853564,
      0.25209804323316737,
      0.25214552013818264,
      0.252186294023061,
      0.2523122374309674,
      0.2523424330312701,
      0.2523534617254696,
      0.25247393112155236,
      0.2525600782502516,
      0.25261641130085616,
      0.25264786154636354,
      0.25267050597426444,
      0.2526731135556944,
      0.2526825870591445,
      0.25270606747026103,
      0.25276601302237095,
      0.2528289935863026,
      0.2528540940864714,
      0.25299792967789486,
      0.25301708708160303,
