{
  "mode": "slow",
  "descriptor_types": [
    "chemeleon",
    "rdkit",
    "clamp"
  ],
  "n_compounds": 670,
  "n_actives": 67,
  "ratio_actives": 0.1,
  "population_prior": 0.1,
  "portfolio": [
    "lr",
    "xgb",
    "rf",
    "svc"
  ],
  "num_batches": {
    "chemeleon": 1,
    "rdkit": 1,
    "clamp": 1
  },
  "decision_cutoff_raw": 0.39957294071930943,
  "decision_cutoff_proba": 0.15068296922063168,
  "decision_cutoff_rank": 0.8487792725460888,
  "oof_aucs": {
    "chemeleon": 0.9953218979728224,
    "rdkit": 0.9938367862181628,
    "clamp": 0.9952723942476671
  },
  "proxy_aucs": {
    "chemeleon": 0.9927724561273237,
    "rdkit": 0.9916214945174625,
    "clamp": 0.9914853592732853
  },
  "train_aucs": {
    "chemeleon": 1.0,
    "rdkit": 1.0,
    "clamp": 1.0
  },
  "quality_aucs": {
    "chemeleon": 0.9906437959456449,
    "rdkit": 0.9876735724363257,
    "clamp": 0.9905447884953342
  },
  "active_descriptors": {
    "chemeleon": true,
    "rdkit": true,
    "clamp": true
  },
  "ad_hard_cutoffs": {
    "chemeleon": 0.052250005304813385,
    "rdkit": 0.052250005304813385,
    "clamp": 0.052250005304813385
  },
  "rank_error_curves": {
    "chemeleon": [
      [
        0.1974866942494944,
        0.2185065311965166,
        0.24680936575955867,
        0.2681279105316144,
        0.2884842817683447,
        0.3083495278891553,
        0.329301304522153,
        0.3485886302433043,
        0.36724293756715787,
        0.38046378845065376,
        0.3954528793586044,
        0.42275202020551295,
        0.4408494264553212,
        0.46696312701884735,
        0.5150163403817042,
        0.573973102518278,
        0.8312938526214501,
        0.879762282681034,
        0.9525100152183931,
        0.9866373030862302
      ],
      [
        0.0165403781913971,
        0.016997117427310075,
        0.017358926604527834,
        0.017487841285972715,
        0.017831406961287488,
        0.017902127809024813,
        0.017899175073188053,
        0.01798145458212231,
        0.018468543470885394,
        0.018275455138577246,
        0.018464048682175237,
        0.018522969383232172,
        0.018573500837137734,
        0.018553117568833703,
        0.018816767041307345,
        0.01901457336178983,
        0.05054167189848749,
        0.265242249309874,
        0.2898192066899165,
        0.2527927846748717
      ]
    ],
    "rdkit": [
      [
        0.24924408827493336,
        0.27156218708791907,
        0.2775391487778163,
        0.2884377281056614,
        0.2982141776882634,
        0.31544490398475755,
        0.32543982152124445,
        0.3428413512683562,
        0.36064873789979096,
        0.37255743827188204,
        0.39379282487031153,
        0.41591717056403765,
        0.43633505867849337,
        0.4652790126126682,
        0.4901096416900429,
        0.528941591683627,
        0.5732230263379872,
        0.6193931863580313,
        0.6812322234446865,
        0.7028260076878414
      ],
      [
        0.03926344280876037,
        0.04533657997425438,
        0.0447701003982093,
        0.04477814196838008,
        0.04397030809853038,
        0.04319946908616819,
        0.044363302030117416,
        0.04398031898960909,
        0.04519650962339403,
        0.04559642923103833,
        0.04480782404178074,
        0.04437878048815296,
        0.045220113691252645,
        0.044021897683880436,
        0.04522747632597118,
        0.04568840407662264,
        0.046517332626957925,
        0.21209186508508665,
        0.3903352837450153,
        0.3781677827753609
      ]
    ],
    "clamp": [
      [
        0.19745597903791573,
        0.21909603099247196,
        0.24210467617425568,
        0.26117505627417537,
        0.2824546578707493,
        0.3069232012101808,
        0.3318984928911446,
        0.36229146128215106,
        0.3870801730899425,
        0.4090342171742194,
        0.43637059816199103,
        0.45920742988100116,
        0.48967247178376017,
        0.5240543437455032,
        0.5842270211178401,
        0.6427240846747099,
        0.820636076782566,
        0.8960340532463207,
        0.9700827492739881,
        0.9952446626247868
      ],
      [
        0.015958202312081133,
        0.016301268011871747,
        0.01644849649300538,
        0.01656644883862028,
        0.016607017788796984,
        0.016860078632554433,
        0.01695708038355984,
        0.017018128180513917,
        0.01718608819579494,
        0.017202498609553852,
        0.017252279462575456,
        0.017401185751685887,
        0.017467729652503875,
        0.01775953139058244,
        0.018160251412203798,
        0.01803544503986562,
        0.04826743475694588,
        0.25778843572740767,
        0.24431100709554893,
        0.22600583322406576
      ]
    ]
  },
  "decision_cutoff_logit": -1.7292544452075158,
  "decision_cutoff_lift": 1.5068296922063167
}