{
  "mode": "slow",
  "descriptor_types": [
    "chemeleon",
    "clamp",
    "morgan"
  ],
  "n_compounds": 3180,
  "n_actives": 318,
  "ratio_actives": 0.1,
  "population_prior": 0.1,
  "portfolio": [
    "lr",
    "xgb",
    "rf",
    "svc"
  ],
  "num_batches": {
    "chemeleon": 1,
    "clamp": 1,
    "morgan": 1
  },
  "decision_cutoff_raw": 0.12278779456407211,
  "decision_cutoff_proba": 0.06485623859510094,
  "decision_cutoff_rank": 0.8049963300828352,
  "oof_aucs": {
    "chemeleon": 0.9320756914503205,
    "clamp": 0.9248370537382048,
    "morgan": 0.9353489005797063
  },
  "proxy_aucs": {
    "chemeleon": 0.8568611034197838,
    "clamp": 0.8711026946015673,
    "morgan": 0.839975893182847
  },
  "train_aucs": {
    "chemeleon": 1.0,
    "clamp": 0.9997165196524399,
    "morgan": 0.9999362718598509
  },
  "quality_aucs": {
    "chemeleon": 0.8641513829006411,
    "clamp": 0.8499575878239697,
    "morgan": 0.8707615292995617
  },
  "active_descriptors": {
    "chemeleon": true,
    "clamp": true,
    "morgan": true
  },
  "ad_hard_cutoffs": {
    "chemeleon": 0.0547499842941761,
    "clamp": 0.05000000074505806,
    "morgan": 0.05000000074505806
  },
  "rank_error_curves": {
    "chemeleon": [
      [
        0.013319581770735342,
        0.10128751207508542,
        0.14265868503972462,
        0.17725042391018014,
        0.21060327650516708,
        0.24332440274724376,
        0.27740191239153233,
        0.30977877039333146,
        0.3385397675703064,
        0.36826299844197496,
        0.3928060384424872,
        0.4218620613657493,
        0.4518509420033025,
        0.48952193653730025,
        0.5401550798443263,
        0.6109924601429999,
        0.7025957903186212,
        0.8720021034164707,
        0.9651996916274105,
        0.9981173711664152
      ],
      [
        0.031129900466746175,
        0.031595096238266965,
        0.03189834285819865,
        0.032316003572281315,
        0.032718868161059574,
        0.03298274362578831,
        0.03351240331376406,
        0.0343100519093231,
        0.034737425496725,
        0.03587094815294537,
        0.03691939985171526,
        0.03792037205696621,
        0.03958055043945507,
        0.042743919678039075,
        0.043056742593777494,
        0.05417475379552227,
        0.07596213089796572,
        0.2537926515312116,
        0.2917357632953549,
        0.24220419716279426
      ]
    ],
    "clamp": [
      [
        0.14153462458848431,
        0.19691912087938923,
        0.22873095735653282,
        0.2564614708960777,
        0.27795967431001334,
        0.29949894196635357,
        0.3229533116292723,
        0.343688529632877,
        0.3698493806286926,
        0.3897868115276189,
        0.4150020275589945,
        0.4424353116531184,
        0.4750279332116872,
        0.511389569998978,
        0.557372039298258,
        0.6242323220805599,
        0.723754011039419,
        0.890696006886128,
        0.9737774668603225,
        0.9974737868884571
      ],
      [
        0.03388853543398274,
        0.034188779202725096,
        0.03437935870807039,
        0.03444907182278883,
        0.034623174194390476,
        0.03476965445021966,
        0.03505953688651459,
        0.03563922517868863,
        0.036256178240778404,
        0.036596868798837806,
        0.03772440632826602,
        0.04001633516293817,
        0.041227464296229734,
        0.041818252909321854,
        0.05207894579304572,
        0.06881845302816329,
        0.09231332993253168,
        0.2783364524230883,
        0.3470937922137302,
        0.2935497868846241
      ]
    ],
    "morgan": [
      [
        0.014109507139525548,
        0.11677247141179253,
        0.16590175317956668,
        0.19885876512897033,
        0.23524813607698294,
        0.26528948940904357,
        0.29655758638620594,
        0.32485577457130854,
        0.3534498901059978,
        0.3856278353573581,
        0.41412696455279485,
        0.4497093201423436,
        0.4838632020633824,
        0.5196807651121974,
        0.5601531633671983,
        0.6124674916762254,
        0.6916200903427536,
        0.8569860368021482,
        0.9662994372147549,
        0.9985821774477607
      ],
      [
        0.02636777816850274,
        0.02685092293981222,
        0.027206268752098355,
        0.027642895766328533,
        0.02797633112829618,
        0.02874946207325354,
        0.02915202362896535,
        0.02990420674417179,
        0.030488318631272455,
        0.03173436156866334,
        0.03269074451924792,
        0.03466651623934714,
        0.03585893679938343,
        0.03691900451845743,
        0.038641114511517534,
        0.04330343020026236,
        0.05159035781531773,
        0.21653071520737888,
        0.24268521432320506,
        0.19993868326537306
      ]
    ]
  },
  "decision_cutoff_logit": -2.668527166460227,
  "decision_cutoff_lift": 0.6485623859510093
}