{
  "mode": "slow",
  "descriptor_types": [
    "chemeleon",
    "clamp",
    "morgan"
  ],
  "n_compounds": 1920,
  "n_actives": 761,
  "ratio_actives": 0.3963541666666667,
  "population_prior": 0.3963541666666667,
  "portfolio": [
    "lr",
    "xgb",
    "rf",
    "svc"
  ],
  "num_batches": {
    "chemeleon": 1,
    "clamp": 1,
    "morgan": 1
  },
  "decision_cutoff_raw": 0.37364707228691807,
  "decision_cutoff_proba": 0.43245111300971645,
  "decision_cutoff_rank": 0.5376063922181691,
  "oof_aucs": {
    "chemeleon": 0.8974205186173682,
    "clamp": 0.8934987454634303,
    "morgan": 0.8987051005726765
  },
  "proxy_aucs": {
    "chemeleon": 0.7935451173980922,
    "clamp": 0.8179363015150811,
    "morgan": 0.8073342486782865
  },
  "train_aucs": {
    "chemeleon": 0.9993832192553507,
    "clamp": 0.9992959175690675,
    "morgan": 0.9990958039634965
  },
  "quality_aucs": {
    "chemeleon": 0.7954578179793856,
    "clamp": 0.7877015733577931,
    "morgan": 0.7983143971818565
  },
  "active_descriptors": {
    "chemeleon": true,
    "clamp": true,
    "morgan": true
  },
  "ad_hard_cutoffs": {
    "chemeleon": 0.05000000074505806,
    "clamp": 0.05000000074505806,
    "morgan": 0.05000000074505806
  },
  "rank_error_curves": {
    "chemeleon": [
      [
        0.009268792302625433,
        0.06685263044520781,
        0.11737441172475963,
        0.1635291368531786,
        0.20026347861437396,
        0.23479198934774237,
        0.26561209351932824,
        0.30001615512908153,
        0.3452546401386487,
        0.40098005664140823,
        0.4672299533220885,
        0.5615156439435807,
        0.7119180066579829,
        0.7849166639537419,
        0.8225829102034052,
        0.854614167142927,
        0.8841701182139738,
        0.9148003746288388,
        0.9418413261637583,
        0.9960183684107601
      ],
      [
        0.017614004991972895,
        0.02827659882065831,
        0.04289700735243002,
        0.06274191722011976,
        0.0824431873619641,
        0.10338613051819755,
        0.11832617404223027,
        0.13810458919745672,
        0.17121922067353418,
        0.2414938017022893,
        0.30955061111729576,
        0.44177572328306564,
        0.38078802881215473,
        0.2694003855234041,
        0.22436482926510784,
        0.19229574516411888,
        0.1659633058835052,
        0.14569210914643513,
        0.13361516858584468,
        0.10535619780463212
      ]
    ],
    "clamp": [
      [
        0.008404598405889856,
        0.07630078953888411,
        0.10895108312999627,
        0.1441056321160361,
        0.1748898424754432,
        0.2089756803198759,
        0.2402213681030922,
        0.28059968385835227,
        0.3310931778472457,
        0.37999047092317,
        0.4543360098533151,
        0.5593709292774165,
        0.7113568599945999,
        0.775583605420468,
        0.8145170167848208,
        0.8458148959228098,
        0.8751639243421235,
        0.9086723159166962,
        0.9421627328031988,
        0.9950847258761031
      ],
      [
        0.020375059959429377,
        0.03342004101244848,
        0.04395742103677734,
        0.05309498265473532,
        0.06460540956653972,
        0.08012357848051345,
        0.09804116755460632,
        0.12070789558769997,
        0.16221634659475626,
        0.21693631291347307,
        0.29996135285567593,
        0.4429458814161601,
        0.3867743712602794,
        0.2741096835397831,
        0.2312380320678862,
        0.20230561928147325,
        0.1825707193485874,
        0.15738089821415854,
        0.14172118138961537,
        0.11884327790903568
      ]
    ],
    "morgan": [
      [
        0.020262640879273146,
        0.09110001016436078,
        0.13517093704603605,
        0.17284113702868545,
        0.2049247084636843,
        0.22769133194785518,
        0.2584242901863665,
        0.302369135186438,
        0.34205118449525757,
        0.39342808304533583,
        0.46002381050606433,
        0.5561230339892275,
        0.6841084966847122,
        0.7591716939684332,
        0.8033930832257155,
        0.8377310495586034,
        0.8694504074543042,
        0.905813428362906,
        0.940542441911534,
        0.9899873294958544
      ],
      [
        0.028819219116519378,
        0.045839477913227025,
        0.060920690493554794,
        0.07740762952973035,
        0.09225052845596338,
        0.10267161104007426,
        0.12218549496173584,
        0.14812647057794187,
        0.17665210609234602,
        0.2077510828069812,
        0.2863316746639565,
        0.4356346651983605,
        0.40773704363921104,
        0.2876975110181542,
        0.25000627033734285,
        0.21504954944793822,
        0.17431842132285477,
        0.13806952288654212,
        0.10955103940546976,
        0.08770823652478797
      ]
    ]
  },
  "decision_cutoff_logit": -0.2718576036419858,
  "decision_cutoff_lift": 1.0910724533228062
}