{
  "mode": "slow",
  "descriptor_types": [
    "chemeleon",
    "rdkit",
    "clamp"
  ],
  "n_compounds": 910,
  "n_actives": 91,
  "ratio_actives": 0.1,
  "population_prior": 0.1,
  "portfolio": [
    "lr",
    "xgb",
    "rf",
    "svc"
  ],
  "num_batches": {
    "chemeleon": 1,
    "rdkit": 1,
    "clamp": 1
  },
  "decision_cutoff_raw": 0.25312559809440655,
  "decision_cutoff_proba": 0.0938494843076703,
  "decision_cutoff_rank": 0.8495141042386408,
  "oof_aucs": {
    "chemeleon": 0.9802761341222881,
    "rdkit": 0.985207100591716,
    "clamp": 0.9864750633981403
  },
  "proxy_aucs": {
    "chemeleon": 0.9900709790819681,
    "rdkit": 0.9870050584336298,
    "clamp": 0.983670785868588
  },
  "train_aucs": {
    "chemeleon": 1.0,
    "rdkit": 0.9988796307477626,
    "clamp": 1.0
  },
  "quality_aucs": {
    "chemeleon": 0.9605522682445762,
    "rdkit": 0.9715345704356694,
    "clamp": 0.9729501267962806
  },
  "active_descriptors": {
    "chemeleon": true,
    "rdkit": true,
    "clamp": true
  },
  "ad_hard_cutoffs": {
    "chemeleon": 0.052250005304813385,
    "rdkit": 0.052250005304813385,
    "clamp": 0.052250005304813385
  },
  "rank_error_curves": {
    "chemeleon": [
      [
        0.2889839939204921,
        0.3477295393523243,
        0.3766280779653921,
        0.39699727760410475,
        0.4147491698522345,
        0.43548741732163887,
        0.45271352881105975,
        0.46770218120808627,
        0.4824841160313633,
        0.49831962984164085,
        0.5179167810817105,
        0.5378325925848363,
        0.5572828607062567,
        0.5825583174819926,
        0.6080296029260536,
        0.6535140497068648,
        0.7132785330127942,
        0.8968518787806004,
        0.9582538084061653,
        0.9837779286938272
      ],
      [
        0.021645687379522556,
        0.021682832994727102,
        0.021696521236427686,
        0.025789280759414033,
        0.030119735877735008,
        0.032337954763513165,
        0.030530879394008257,
        0.03926401947404753,
        0.03419213424568447,
        0.037243987340808866,
        0.03685215852318931,
        0.05397330850505222,
        0.05404845309280294,
        0.05563467637726116,
        0.05934750258412506,
        0.05610891526977849,
        0.07077321158347508,
        0.26372139845370796,
        0.3587055538588449,
        0.3332346153637722
      ]
    ],
    "rdkit": [
      [
        0.11484731690875925,
        0.1747219048300012,
        0.21739751958098513,
        0.2537322993308799,
        0.28274585096711824,
        0.3101091832876774,
        0.33488650449648816,
        0.3597123783680774,
        0.37957787726172587,
        0.4083257193136236,
        0.43648049507404385,
        0.4645856515628687,
        0.4974205266951489,
        0.5371116721547793,
        0.5932067497830424,
        0.6446812538937329,
        0.7260320404717728,
        0.8958873892709501,
        0.9478569660300435,
        0.9963431523667838
      ],
      [
        0.015408276914306733,
        0.015944726309462615,
        0.017538469785246265,
        0.01898567597836864,
        0.021094905665287822,
        0.02240966024098518,
        0.024138929723021663,
        0.025421058105577696,
        0.029350410065578557,
        0.028141653076079107,
        0.029247716869936578,
        0.03193277917196359,
        0.03219178750400685,
        0.036253802047079654,
        0.0418970765688923,
        0.0528952999726637,
        0.06149509164532221,
        0.2942527458284768,
        0.2897235821911178,
        0.21620682223281626
      ]
    ],
    "clamp": [
      [
        0.04570424237496773,
        0.10747959929627851,
        0.14498474409496592,
        0.17416071907714195,
        0.20293602860573345,
        0.2392443690129576,
        0.2726382546561677,
        0.3098368770741239,
        0.3400793071886208,
        0.3764606054994051,
        0.4125763794247611,
        0.4521827913439557,
        0.48642983557214786,
        0.5246254926846925,
        0.5708867184710364,
        0.6279881707040176,
        0.7005669953408405,
        0.9045584753811852,
        0.9570554332301716,
        0.9934630750088342
      ],
      [
        0.018084217728951746,
        0.018438123307351773,
        0.018823409424998678,
        0.01916968738451587,
        0.019424407125635826,
        0.019582724874192863,
        0.01980192450618136,
        0.020158017303729847,
        0.020670464769016034,
        0.02078715130987508,
        0.02114694640547946,
        0.021520588516869988,
        0.021935593063399518,
        0.02241617043512448,
        0.022958571360121752,
        0.026680477539412505,
        0.031111493280449556,
        0.2595268491444201,
        0.20850034797799033,
        0.18148232703510156
      ]
    ]
  },
  "decision_cutoff_logit": -2.267513156194889,
  "decision_cutoff_lift": 0.938494843076703
}