{
  "n_components": 45,
  "n_features_in": 2048,
  "n_cal_knots": 200,
  "cal_min": 1.5918080806732178,
  "cal_max": 55.450408935546875,
  "scaler": "standard"
}