{
  "task": "classification",
  "format": "onnx",
  "preset_name": "default",
  "use_linear": false,
  "n_features_in": 766,
  "classes": [
    0,
    1
  ],
  "params": {
    "C": 1.0,
    "kernel": "rbf",
    "gamma": "scale",
    "class_weight": "balanced",
    "max_iter": 3350,
    "tol": 0.001,
    "random_state": 42,
    "use_linear": false
  },
  "profile": {
    "n_samples": 670,
    "n_features": 766,
    "n_p_ratio": 0.8746736292428199,
    "sparsity": 0.0,
    "is_sparse_counts": false,
    "binary_feature_fraction": 0.0,
    "feature_signal_strength": 0.21757624248409452,
    "feature_signal_p90": 0.43670383975014637,
    "task": "classification",
    "imbalance_ratio": 9.0,
    "y_skewness": 0.0,
    "y_all_positive": false
  },
  "portfolio_scores": {
    "heuristic": 0.9920987654320987,
    "default": 0.9920987654320987,
    "linear": 0.9328395061728394,
    "balanced_rbf": 0.988641975308642
  },
  "decision_cutoff_raw": 0.6520968106340972,
  "decision_cutoff_raw_source": "oof_balanced_accuracy",
  "decision_cutoff_proba": 0.3812767889317048,
  "decision_cutoff_rank": 0.8654708520179373,
  "decision_cutoff_logit": -0.4841324261990233,
  "calibrator": {
    "method": "platt",
    "coef": 7.828416959383248,
    "intercept": -5.589018157726716
  },
  "ranker": {
    "knots": [
      0.20593988505352784,
      0.20624471725265292,
      0.20979476072136394,
      0.2111938337052335,
      0.21141130666550445,
      0.2114208970581001,
      0.21198242665387584,
      0.21285331866617566,
      0.21309984679212646,
      0.21344410867811123,
      0.21536034269308302,
      0.21542244161224958,
      0.21553670530181826,
      0.21783578627911587,
      0.2179045279869584,
      0.21855706512524828,
      0.21926153276934596,
      0.21943036887664652,
      0.21950950075082543,
      0.21956153377286627,
      0.21980952736509454,
      0.21984733519872704,
      0.22052817358250826,
      0.2206253369583981,
      0.22085514614432739,
      0.22105227857874155,
      0.22111680618525456,
      0.22170680939281662,
      0.22175640975946082,
      0.22183810382348262,
      0.22202534246490047,
      0.2222735354479507,
      0.2227952670159244,
      0.222905019767063,
      0.22302163817579054,
      0.22308810777123414,
      0.22317694741979244,
      0.22333451102491328,
      0.223359400518125,
      0.22343138680068425,
      0.22344818527773555,
      0.22347114912759086,
      0.22368267816007392,
      0.22370726569527777,
      0.22394748284053834,
      0.22399367034371787,
      0.2249267154325185,
      0.22493893717555016,
      0.22494719119161183,
      0.2250367285721215,
      0.22512987531485157,
      0.22533017231148897,
      0.22546162117274263,
      0.22567777668982753,
      0.22579176493127776,
      0.22607629694012588,
      0.22617459730743694,
      0.22622527109494436,
      0.2263017388218279,
      0.22642632672256857,
      0.22647380663874056,
      0.22652294915708618,
      0.22660771678737082,
      0.22669306742816833,
      0.22702685477800438,
      0.22709741005510248,
      0.22723653727002305,
      0.22731452146868228,
      0.22744460790601398,
      0.2274795421361962,
      0.2276163465662694,
      0.22761895184868294,
      0.2276330970861235,
      0.22784310192808957,
      0.2284579988620079,
      0.228534541520005,
      0.22855742037527982,
      0.22860206744092718,
      0.22898379626380505,
      0.22930402015081786,
      0.22934247687657838,
      0.2294813827343714,
      0.2297812841835447,
      0.22981722677247934,
      0.22988908590324286,
      0.22998981638025146,
      0.2301554963675696,
      0.2303761126034096,
      0.23077257801938655,
      0.23085040741145205,
      0.23094373682244776,
      0.2311106740828826,
      0.23120337088970702,
      0.23130117950509013,
      0.23134887650001712,
      0.23142472364259395,
      0.23145775821037054,
      0.23155467469140573,
      0.2316305494221867,
      0.23163765975924971,
      0.2317988585966609,
      0.23180064569946693,
      0.2319299316044642,
      0.23207394420582125,
      0.23230889682879974,
      0.23255641218903333,
      0.23265863809136958,
      0.23269355049504578,
      0.2326996755352564,
      0.23270504776279902,
      0.2327459885043526,
      0.23278305584698392,
      0.2328700421697157,
      0.2329801545524524,
      0.23300255300520328,
      0.2330176635214241,
      0.23304774742993722,
      0.23304998032020616,
      0.23312178120054594,
      0.2331542101242142,
      0.23326351526342284,
      0.23332922091981764,
      0.23338273382435804,
      0.23364348210426356,
      0.2336799889799211,
      0.23370109563240396,
      0.23371162408522383,
      0.2337185145096247,
      0.23382022041268152,
      0.23395543337809235,
      0.2341882287873334,
      0.23442624773994505,
      0.2345219790052051,
      0.23458537571569346,
      0.23460060995756404,
      0.23470634426099998,
      0.2350224036148882,
      0.2351062327717432,
      0.2352066774693494,
      0.23521640317389497,
      0.23551943684932003,
      0.23566336071410754,
      0.2357120614766051,
      0.23571730858355713,
      0.23572944389565353,
      0.23580714884682016,
      0.23603379978427955,
      0.2360874542564023,
      0.2360880169867662,
      0.2362068885420318,
      0.23627512019432448,
      0.23630340896128177,
      0.23640117495716226,
      0.23641729023225166,
      0.2364640640387911,
      0.23647252758042991,
      0.23648800776425385,
      0.23653445137284598,
      0.23689222297440846,
      0.23692765689741757,
      0.23696020755737116,
      0.23708456786015786,
      0.23708877759318175,
      0.23710517877074502,
      0.23717560571061164,
      0.23717612130268176,
      0.23722608383657906,
      0.23725879730118865,
      0.23730334206730883,
      0.23736551235720815,
      0.23742310860604784,
      0.23758522876088806,
      0.23761776449894198,
      0.23765896805870187,
      0.23779190382778073,
      0.23781625924231348,
      0.23782764965613504,
      0.23788816109640606,
      0.23789695699205776,
      0.23798387124207762,
      0.2380931087634899,
      0.23810759044302174,
      0.23819805373473332,
      0.23845841800324294,
      0.23846763008820537,
      0.23854987360668814,
      0.23858846079465326,
      0.23865673198873738,
      0.2387063472377109,
      0.23881819357958883,
      0.23892044087150127,
      0.2389947779433212,
      0.2392877528113191,
      0.23931880095317853,
      0.23932094059589493,
      0.23932681533307315,
      0.23934971626964238,
      0.23939874350668527,
      0.23978213631349093,
      0.23987892052845391,
      0.23992152627626057,
      0.2399242004238081,
      0.23995405665160613,
      0.2400135456169995,
      0.24010507493508526,
      0.2401775517708423,
      0.24020872787615585,
      0.24045362616274402,
      0.2404772074009605,
      0.24058173138263833,
      0.24060785459192582,
      0.24062468986810773,
      0.24062472878381652,
      0.24064614227655337,
      0.24074833013257868,
      0.24076306183691462,
      0.2408319649318716,
      0.24103029601149417,
      0.2411474775004886,
      0.24126886350790333,
      0.2413291739385302,
      0.24134702090160837,
      0.24139484888732027,
      0.24140822723818736,
      0.2415376615743057,
      0.2415468650324666,
      0.24155532524471088,
      0.24160250236598144,
      0.24161370477755206,
      0.24168770413673832,
      0.2417092189233634,
      0.24174431429751617,
      0.241939755186767,
      0.24195007197984128,
      0.24196807841162565,
      0.2419789991225835,
      0.24198729702862687,
      0.2420298945355001,
      0.24204375099417136,
      0.24205614967649497,
      0.24208343443350558,
      0.24227516403506608,
      0.24227857656288715,
      0.24228071167577092,
      0.2422811430182181,
      0.24229089867014258,
      0.24239436766562528,
      0.24240714285014936,
      0.242478138708052,
      0.24256811802806122,
