{
    "portfolio": [
        "lr",
        "xgb",
        "rf",
        "svc"
    ],
    "max_batch_size": 100000,
    "max_imbalance_ratio": 100,
    "num_batches": 1,
    "population_prior": 0.1,
    "batch_priors": [
        0.1
    ],
    "decision_cutoff_raw": 0.1956409764913586,
    "decision_cutoff_proba": 0.09917547129499192,
    "decision_cutoff_rank": 0.8935761453706985,
    "decision_cutoff_logit": -2.206419768382706,
    "decision_cutoff_lift": 0.9917547129499191
}