{
  "task": "classification",
  "format": "onnx",
  "preset_name": "balanced_rbf",
  "use_linear": false,
  "n_features_in": 1731,
  "classes": [
    0,
    1
  ],
  "params": {
    "C": 16.7033,
    "kernel": "rbf",
    "gamma": "scale",
    "class_weight": "balanced",
    "max_iter": 3250,
    "tol": 0.001,
    "random_state": 42,
    "use_linear": false
  },
  "profile": {
    "n_samples": 650,
    "n_features": 1731,
    "n_p_ratio": 0.3755054881571346,
    "sparsity": 0.47386926187619427,
    "is_sparse_counts": false,
    "binary_feature_fraction": 0.0017331022530329288,
    "feature_signal_strength": 0.09638763495003985,
    "feature_signal_p90": 0.19012939798373674,
    "task": "classification",
    "imbalance_ratio": 1.3297491039426523,
    "y_skewness": 0.0,
    "y_all_positive": false
  },
  "portfolio_scores": {
    "heuristic": 0.9507722007722008,
    "default": 0.9555984555984557,
    "linear": 0.9642857142857143,
    "balanced_rbf": 0.9826254826254827
  },
  "decision_cutoff_raw": 0.5070217529774481,
  "decision_cutoff_raw_source": "oof_balanced_accuracy",
  "decision_cutoff_proba": 0.4794843871417074,
  "decision_cutoff_rank": 0.5901386748844376,
  "decision_cutoff_logit": -0.08210855040257396,
  "calibrator": {
    "method": "platt",
    "coef": 7.386299170200803,
    "intercept": -3.8271229036936556
  },
  "ranker": {
    "knots": [
      0.06351536496908783,
      0.07611425146125782,
      0.07745842305694793,
      0.08469966009861743,
      0.08769942842210525,
      0.09973126712416384,
      0.1012811730700613,
      0.10132117350713009,
      0.10490964415374071,
      0.10711753147916138,
      0.11071625965004538,
      0.11357302956928945,
      0.1202020439493231,
      0.12104384471304913,
      0.12142381662641043,
      0.12305216513933573,
      0.13157794173558637,
      0.13514941679062434,
      0.13518958545014942,
      0.13539069239493173,
      0.14103360946795382,
      0.14282117627909668,
      0.14299855860059452,
      0.14587888423175083,
      0.14845932879925816,
      0.15099179487072012,
      0.1514575088802151,
      0.15228957591643819,
      0.1529097504944924,
      0.15370582086815346,
      0.16115379772726632,
      0.16217547559548637,
      0.1628210464270695,
      0.1656870736883831,
      0.16880921529303078,
      0.17042709861506072,
      0.17354728931717653,
      0.17372152589205456,
      0.1762931981043369,
      0.18044149035047247,
      0.18054972412009657,
      0.18142542826314423,
      0.1816688983374298,
      0.1839875950076793,
      0.18534559816951843,
      0.1884754939254908,
      0.18991518834150953,
      0.19133801526173244,
      0.1914942999023759,
      0.19340987884270894,
      0.19393013575674395,
      0.19410815048345917,
      0.1942767161077739,
      0.19499659322443727,
      0.19524742934287848,
      0.19537986471057686,
      0.1957270875427307,
      0.19646114956054306,
      0.19818327800878152,
      0.20095443207900843,
      0.20310246232994902,
      0.20398435578747365,
      0.20422950015743704,
      0.20454976684386128,
      0.20590867151637568,
      0.2061447114488127,
      0.20758911493796256,
      0.20879897532034214,
      0.20960989597633697,
      0.2099092494759748,
      0.21154503464760158,
      0.21164133286233938,
      0.2138213931662468,
      0.21550253308344802,
      0.2164126835744055,
      0.21648865929679792,
      0.21732344963546388,
      0.2177131909137992,
      0.2191142432583646,
      0.21999178528235325,
      0.22004796346559732,
      0.22077067298538,
      0.22166111624767632,
      0.22200565973436998,
      0.22223596260165696,
      0.22261983046007913,
      0.2226981877956241,
      0.22339245061093166,
      0.2236735610093951,
      0.22399121856911713,
      0.22447016425943858,
      0.22469926323572942,
      0.22503841385679216,
      0.2254405417262334,
      0.22591064578225975,
      0.22645241320089032,
      0.22652793919506592,
      0.22693292404774018,
      0.2271527292916751,
      0.22828532228454054,
      0.22846223764974197,
      0.22930694644323119,
      0.2293405172990799,
      0.22965056611860524,
      0.22967344662564806,
      0.2301017751335179,
      0.23085558498754977,
      0.23089966435774603,
      0.23141937011933575,
      0.23146193115241123,
      0.23248922825929277,
      0.2328429380440357,
      0.23402474474450136,
      0.23608165726024152,
      0.23644510795761314,
      0.23850924244627364,
      0.23904680062600123,
      0.2391484617598761,
      0.2404980220110344,
      0.24075692440067167,
      0.24103755884544345,
      0.2419368489432537,
      0.242217925206195,
      0.24247582506466864,
      0.24417557682413246,
      0.2463351883026002,
      0.24711899823241532,
      0.24896178716059167,
      0.24955854499401955,
      0.25056395186125163,
      0.25064041692928835,
      0.2520146200073311,
      0.2521701076955722,
      0.2534681811885102,
      0.25401839745754556,
      0.25545446641046965,
      0.25556539762241687,
      0.2563711758852394,
      0.25658146984268054,
      0.2572170752936868,
      0.2588245653395403,
      0.25931659161738707,
      0.25937787410046653,
      0.26028629613842785,
      0.26051277876668544,
      0.26072283917379474,
      0.2607770667481763,
      0.26086147269525334,
      0.26134016346145056,
      0.2615533989465191,
      0.2622349946275877,
      0.26228189737864444,
      0.2625079496501802,
      0.2641591863457651,
      0.2644481365579268,
      0.26465156649034016,
      0.2646859158819211,
      0.2647942590807166,
      0.26510852162884024,
      0.2652743388934822,
      0.2654061778595076,
      0.26550699187480176,
      0.2656862564942429,
      0.26569699294769017,
      0.26572085884996727,
      0.26580099641607385,
      0.26581287097157325,
      0.26589144626877953,
      0.2659756100325072,
      0.2660088461872585,
      0.2660225887972736,
      0.26629037605725026,
      0.2663490492755216,
      0.26647373794573304,
      0.266501935715267,
      0.2669439026952173,
      0.26694760721942346,
      0.2671742032942214,
      0.26745902307806113,
      0.2676528085268183,
      0.26797676793376546,
      0.26835394453806866,
      0.268943020157241,
      0.2692233813044327,
      0.2693455851709308,
      0.2696433105052419,
      0.2697399130564887,
      0.2699971761843821,
      0.2708265986933487,
      0.27107181013759385,
      0.27140477568862104,
      0.27232307204909645,
      0.27282150771993335,
      0.2731898416729791,
      0.27354636798231363,
      0.2736107492485212,
      0.274176184598366,
      0.2745055931182626,
      0.2745876715475349,
      0.2753171234837766,
      0.27567595325696137,
      0.27596775388467565,
      0.2762672566821125,
      0.27644742883143386,
      0.2765958426322172,
      0.27661405780716236,
      0.2768120879786733,
      0.27762963576613153,
      0.27792170912642117,
      0.27805959187589924,
      0.2782861497962278,
      0.2787927012376855,
      0.2800700212989214,
      0.2807872849141257,
      0.2840269947034863,
      0.28482660135665283,
      0.28515670957449013,
      0.2856126254951814,
      0.28573735282846907,
      0.28649373027812697,
      0.28661912728712613,
      0.28751187937543365,
      0.2884708556906012,
      0.28874708926561254,
      0.28952980436715603,
      0.2906077867297762,
      0.2917266426022357,
      0.2922469470849611,
      0.2926786905898287,
      0.2927927716465739,
      0.2929432992258348,
      0.29398028777569507,
      0.2957577984087132,
      0.29658296823706387,
      0.29943141421619757,
      0.300162311029613,
      0.3008815390229947,
      0.3010582730167053,
      0.3015745380869623,
      0.3028614046039853,
      0.30333383201304553,
      0.3041264756611346,
      0.30417177760356384,
      0.30422703157865183,
      0.3050138914391365,
      0.30512517617510326,
      0.307810831317915,
      0.30785457494662993,
      0.30847271952311106,
