{
  "task": "classification",
  "format": "onnx",
  "preset_name": "default",
  "best_iteration": 99,
  "params": {
    "tree_method": "hist",
    "device": "cpu",
    "learning_rate": 0.3,
    "max_depth": 6,
    "min_child_weight": 1,
    "subsample": 1.0,
    "colsample_bytree": 1.0,
    "reg_alpha": 0.0,
    "reg_lambda": 1.0,
    "max_bin": 256,
    "n_estimators": 2000,
    "early_stopping_rounds": 50,
    "nthread": 56,
    "objective": "binary:logistic",
    "scale_pos_weight": 1.3297,
    "eval_metric": "auc"
  },
  "profile": {
    "n_samples": 650,
    "n_features": 1731,
    "n_p_ratio": 0.3755054881571346,
    "sparsity": 0.47386926187619427,
    "is_sparse_counts": false,
    "binary_feature_fraction": 0.0017331022530329288,
    "feature_signal_strength": 0.09638763495003985,
    "feature_signal_p90": 0.19012939798373674,
    "task": "classification",
    "imbalance_ratio": 1.3297491039426523,
    "y_skewness": 0.0,
    "y_all_positive": false
  },
  "portfolio_scores": {
    "flaml": NaN,
    "autogluon": NaN,
    "heuristic": 0.9308236808236808,
    "default": 0.9337194337194338
  },
  "decision_cutoff_raw": 0.5430622696876526,
  "decision_cutoff_raw_source": "oof_balanced_accuracy",
  "decision_cutoff_proba": 0.5755990577055099,
  "decision_cutoff_rank": 0.6209553158705702,
  "decision_cutoff_logit": 0.30473271091168036,
  "calibrator": {
    "method": "platt",
    "coef": 4.622771914664628,
    "intercept": -2.205720297314428
  },
  "ranker": {
    "knots": [
      0.0002438077499391511,
      0.0003421022556722164,
      0.0003447631315793842,
      0.0004069841525051743,
      0.0004410825786180794,
      0.00047727912897244096,
      0.0005418001092039049,
      0.0005955271190032363,
      0.000619271828327328,
      0.0006219026981852949,
      0.0006274023908190429,
      0.0006358156679198146,
      0.0006432412774302065,
      0.0006453333189710975,
      0.0006787488237023354,
      0.0007049378473311663,
      0.000723470700904727,
      0.0007286900654435158,
      0.0007389779784716666,
      0.000768217898439616,
      0.0007846342050470412,
      0.0007972437306307256,
      0.0008048774325288832,
      0.0008295808802358806,
      0.0008566186297684908,
      0.0009058616124093533,
      0.0009195611928589642,
      0.000922210980206728,
      0.0010084862587973475,
      0.0010293644154444337,
      0.0010301527800038457,
      0.0010539477225393057,
      0.0010657700477167964,
      0.0010773820104077458,
      0.0011281450279057026,
      0.0011349611449986696,
      0.0011444204719737172,
      0.0011606262996792793,
      0.001162529457360506,
      0.0011931855697184801,
      0.0012180459452793002,
      0.001231386442668736,
      0.001234416849911213,
      0.0012598508037626743,
      0.0012606496457010508,
      0.0012842316646128893,
      0.0013022448401898146,
      0.0013490385608747602,
      0.001410932745784521,
      0.0014818176859989762,
      0.001538425451144576,
      0.00158287538215518,
      0.0015844813315197825,
      0.0015901135047897696,
      0.0016175851924344897,
      0.0016179897356778383,
      0.001628394704312086,
      0.0016894926084205508,
      0.0016940071946009994,
      0.00171978073194623,
      0.001724083092994988,
      0.0017378332559019327,
      0.0017389735439792275,
      0.001789910369552672,
      0.0018401789711788297,
      0.0018440763233229518,
      0.0018484797328710556,
      0.0018705237889662385,
      0.0018874192610383034,
      0.001904612174257636,
      0.001907225581817329,
      0.0019287191098555923,
      0.001977132400497794,
      0.0020343870855867863,
      0.0020537034142762423,
      0.0020537034142762423,
      0.0020688914228230715,
      0.0020976567175239325,
      0.0021252573933452368,
      0.002235949970781803,
      0.0023732855916023254,
      0.002388449851423502,
      0.0024303277023136616,
      0.00248093344271183,
      0.00248093344271183,
      0.002557789906859398,
      0.0026180646382272243,
      0.0026534507051110268,
      0.0027087347116321325,
      0.0027126315981149673,
      0.0027216956950724125,
      0.002725560450926423,
      0.0027310785371810198,
      0.0027818509843200445,
      0.0028254459612071514,
      0.0028366742189973593,
      0.0028500258922576904,
      0.0028500896878540516,
      0.002888411981984973,
      0.002893937984481454,
      0.002909572096541524,
      0.00293024186976254,
      0.002946906490251422,
      0.002995855174958706,
      0.0030257932376116514,
      0.0030735223554074764,
      0.0031675444915890694,
      0.003171669552102685,
      0.0032128936145454645,
      0.003218929748982191,
      0.003229713998734951,
      0.003308671759441495,
      0.0033115160185843706,
      0.0033724219538271427,
      0.0033955874387174845,
      0.003416848834604025,
      0.0034602025989443064,
      0.0034981700591742992,
      0.0035462877713143826,
      0.003571147099137306,
      0.003618408925831318,
      0.003672556020319462,
      0.003882838413119316,
      0.003929350059479475,
      0.003945451695472002,
      0.004138018004596233,
      0.004138509277254343,
      0.004161773715168238,
      0.00422359025105834,
      0.004235981963574886,
      0.004241275135427713,
      0.004352970980107784,
      0.004354217555373907,
      0.004462938290089369,
      0.004550548270344734,
      0.0046016499400138855,
      0.0046156058087944984,
      0.004616100806742907,
      0.004641515668481588,
      0.0046429941430687904,
      0.004675396252423525,
      0.0047854469157755375,
      0.004827158059924841,
      0.004921714309602976,
      0.004940954968333244,
      0.005073009058833122,
      0.005105325486510992,
      0.005121580790728331,
      0.005150218028575182,
      0.005409205798059702,
      0.005572241265326738,
      0.005652382969856262,
      0.0057920413091778755,
      0.005805112421512604,
      0.005848538130521774,
      0.006053013261407614,
      0.006182226352393627,
      0.0062406910583376884,
      0.0062750414945185184,
      0.006298834923654795,
      0.006410089787095785,
      0.006448491010814905,
      0.0064777531661093235,
      0.006513047963380814,
      0.00654646847397089,
      0.00676004309207201,
      0.006867041811347008,
      0.006911623291671276,
      0.006955787073820829,
      0.0071974461898207664,
      0.00726952962577343,
      0.007281411439180374,
      0.007289822679013014,
      0.007317286916077137,
      0.007436505984514952,
      0.007452438585460186,
      0.007611824665218592,
      0.007713590748608112,
      0.007815334014594555,
      0.007831193506717682,
      0.00792239885777235,
      0.007928803563117981,
      0.008026184514164925,
      0.008057142607867718,
      0.008214578963816166,
      0.008391428738832474,
      0.008576450869441032,
      0.008581371046602726,
      0.00861268863081932,
      0.008621349930763245,
      0.008633649908006191,
      0.008753043599426746,
      0.008757657371461391,
      0.009041757322847843,
      0.009075920097529888,
      0.009167482145130634,
      0.009174029342830181,
      0.009516088292002678,
      0.00960285123437643,
      0.010042105801403522,
      0.010059901513159275,
      0.01009297277778387,
      0.010107352398335934,
      0.010125703178346157,
      0.01012918259948492,
      0.010278502479195595,
      0.010353611782193184,
      0.010467391461133957,
      0.01052078790962696,
      0.010524928569793701,
      0.011136596091091633,
      0.011225924827158451,
      0.01132273394614458,
      0.011408562771975994,
      0.011451860889792442,
      0.011814908124506474,
      0.012464229948818684,
      0.01281530037522316,
      0.012917340733110905,
      0.013073541224002838,
      0.013422798365354538,
      0.013541254214942455,
      0.013743225485086441,
      0.01387595571577549,
      0.014134847559034824,
      0.014177910052239895,
      0.014256728813052177,
      0.01437459234148264,
      0.014736012555658817,
