{
    "portfolio": [
        "lr",
        "xgb",
        "rf",
        "svc"
    ],
    "max_batch_size": 100000,
    "max_imbalance_ratio": 100,
    "num_batches": 1,
    "population_prior": 0.1,
    "batch_priors": [
        0.1
    ],
    "decision_cutoff_raw": 0.4311468310282429,
    "decision_cutoff_proba": 0.2544126564945236,
    "decision_cutoff_rank": 0.8994114523578134,
    "decision_cutoff_logit": -1.0752147077151097,
    "decision_cutoff_lift": 2.544126564945236
}