{
  "n_components": 45,
  "n_features_in": 2048,
  "n_cal_knots": 200,
  "cal_min": 2.406550884246826,
  "cal_max": 26.82048988342285,
  "scaler": "standard"
}