{
  "task": "classification",
  "format": "onnx",
  "preset_name": "linear",
  "use_linear": true,
  "n_features_in": 1622,
  "classes": [
    0,
    1
  ],
  "params": {
    "C": 1.0,
    "class_weight": "balanced",
    "max_iter": 3250,
    "tol": 0.001,
    "random_state": 42,
    "use_linear": true
  },
  "profile": {
    "n_samples": 650,
    "n_features": 1622,
    "n_p_ratio": 0.4007398273736128,
    "sparsity": 0.9681162856871858,
    "is_sparse_counts": false,
    "binary_feature_fraction": 0.6528976572133169,
    "feature_signal_strength": 0.0702496486282186,
    "feature_signal_p90": 0.13252688143835378,
    "task": "classification",
    "imbalance_ratio": 1.3297491039426523,
    "y_skewness": 0.0,
    "y_all_positive": false
  },
  "portfolio_scores": {
    "heuristic": 0.9604247104247104,
    "default": 0.9623552123552124,
    "linear": 0.9864864864864865,
    "balanced_rbf": 0.971042471042471
  },
  "decision_cutoff_raw": 0.5503910104995491,
  "decision_cutoff_raw_source": "oof_balanced_accuracy",
  "decision_cutoff_proba": 0.5346174202454032,
  "decision_cutoff_rank": 0.5932203389830508,
  "decision_cutoff_logit": 0.13869156927057147,
  "calibrator": {
    "method": "platt",
    "coef": 6.5340816493692495,
    "intercept": -3.45760823241233
  },
  "ranker": {
    "knots": [
      0.015585517651731613,
      0.019047364651821143,
      0.023239549919131266,
      0.023643022847871866,
      0.023881157666510305,
      0.02413642237362399,
      0.024719744531898295,
      0.03368610368514613,
      0.037175882457107144,
      0.040102771078029814,
      0.042301781602801694,
      0.04260077446833314,
      0.05084350218290657,
      0.060886060850948096,
      0.06100887751991475,
      0.06122996737512281,
      0.06246137941276356,
      0.06599860020998402,
      0.06624641017869774,
      0.06783036278506961,
      0.06828751694062848,
      0.0698528038093022,
      0.07061864497148754,
      0.07137173782044512,
      0.0728038929996922,
      0.07327923933161376,
      0.07402683808917607,
      0.0766785187334322,
      0.07712425861821043,
      0.07727472353717067,
      0.0790598360062863,
      0.08164322287398398,
      0.08297865296428969,
      0.0831421270871779,
      0.08330577132633424,
      0.08495020339376941,
      0.08517701489776888,
      0.08588082124424624,
      0.08625377830143867,
      0.08625498705533347,
      0.08679365994673516,
      0.08698299292671013,
      0.0872719336713315,
      0.08872730115051831,
      0.08884923348643663,
      0.08982978219208428,
      0.0937451252545861,
      0.09611244779087501,
      0.09736440194957674,
      0.09885384215825467,
      0.10012861122928517,
      0.10076273716362441,
      0.10198073086504458,
      0.1043308765046758,
      0.10584665683485071,
      0.10751135524155864,
      0.10854486378455788,
      0.10859413336926595,
      0.11141835875540207,
      0.11907343095809633,
      0.1196618701450618,
      0.1199579239065751,
      0.12192343146899245,
      0.12533327584908743,
      0.1254031975366875,
      0.1276674808956875,
      0.12810055205797818,
      0.12873147226863005,
      0.12903122562826183,
      0.1303597586545694,
      0.13042373566428292,
      0.13202408960975145,
      0.13336172576277816,
      0.13383972002403785,
      0.1351348661362684,
      0.1360489865224778,
      0.13631579979936745,
      0.13676777431628845,
      0.1384072163293456,
      0.13842241924893536,
      0.14141480102509685,
      0.141983320930408,
      0.1426253278923409,
      0.14399582441816414,
      0.14729489084460978,
      0.1480477146456446,
      0.14851931199133006,
      0.14984076653363826,
      0.1518336185898017,
      0.15318704255823373,
      0.15397263483011722,
      0.15412603371204056,
      0.15413979566761382,
      0.15441544494558687,
      0.15542031392682237,
      0.15614867625231593,
      0.15653448208641826,
      0.15703249328081595,
      0.1578998934675324,
      0.15974290820332004,
      0.1613501668528733,
      0.16222304937498844,
      0.16243697093516823,
      0.1633997117238555,
      0.16402049081228282,
      0.16466497482514283,
      0.1658601488843304,
      0.16690504426310157,
      0.16869039771109046,
      0.1689967694131389,
      0.17009440227336678,
      0.1709042947222145,
      0.171346928075636,
      0.17295288456604588,
      0.17298166423932848,
      0.17448846997671272,
      0.17602752439806532,
      0.17778063521117496,
      0.17869252990595932,
      0.1791448964673232,
      0.17947250982874524,
      0.18078112287032047,
      0.18134458160835065,
      0.1815191125146276,
      0.18241299070635464,
      0.18244160052237482,
      0.18292550059550705,
      0.18382896779980498,
      0.18585412783352295,
      0.18826094604918825,
      0.18863475489125478,
      0.1892511605665769,
      0.1906520415521989,
      0.1916766454429855,
      0.19255386524944268,
      0.1928252642129647,
      0.19310489233625583,
      0.19444811671832915,
      0.19780051893930933,
      0.19826139175750887,
      0.19987317640865732,
      0.20003770531417525,
      0.2017732007759298,
      0.2030954064848534,
      0.20451911276638862,
      0.20523038542732164,
      0.2066132280684504,
      0.2066132280684504,
      0.20690632119849692,
      0.20705495895816942,
      0.20779146060521114,
      0.20925788096461226,
      0.21034855530281782,
      0.2116489797181367,
      0.21374187000048941,
      0.21591479034952168,
      0.21605992866182852,
      0.21657401701328777,
      0.21762236796764062,
      0.21809230447904757,
      0.2180930468383578,
      0.21820251318032466,
      0.2195917682910081,
      0.21991012857416395,
      0.22073805974976077,
      0.22115100756508518,
      0.22243441234940461,
      0.22456547225913914,
      0.2250340428964555,
      0.22733981619289784,
      0.22978092693422572,
      0.22978092693422572,
      0.23047093129914215,
      0.2305756305828736,
      0.2309334480915322,
      0.23133709527695837,
      0.23247886737957943,
      0.23277930366186103,
      0.23420201364703208,
      0.23427743379933588,
      0.23436204932285531,
      0.23661358053858067,
      0.2377099274872464,
      0.23955859570736346,
      0.241520826877268,
      0.24246455751944523,
      0.24562359327075292,
      0.2471400248863391,
      0.24798299603799137,
      0.24872557284881752,
      0.24918699607177014,
      0.25004416096972537,
      0.25111401698681424,
      0.25162669478045874,
      0.2522393819784968,
      0.2536818613505959,
      0.25383547628781944,
      0.2552554086568682,
      0.262090555065538,
      0.2627792364680443,
      0.26437511783395046,
      0.2649079044859386,
      0.26537744426872983,
      0.2675326385233562,
      0.2675326385233562,
      0.26808487447122065,
      0.26869954158383624,
      0.26898272079456126,
      0.27001764599993455,
      0.2700687711711991,
      0.2710195870619243,
      0.27134797276705386,
      0.2713902084724571,
      0.2716379132564649,
      0.27187969866308787,
      0.2720803041507061,
      0.27266532257984744,
      0.273231177838706,
      0.27423275237569916,
      0.27492374074452725,
      0.2750266880703083,
      0.27548349238746933,
      0.27581872700508064,
      0.27605455859322214,
      0.2763560311572422,
      0.27770219941881097,
      0.2798898176721728,
      0.28245936319184306,
      0.283212038611051,
      0.2836606581592966,
      0.284161242358481,
      0.2843115371764629,
      0.2865921092534426,
      0.28734404144327375,
      0.2876165508161275,
      0.2896294136280887,
      0.29103649426741485,
      0.29157987196731244,
      0.29178566115158094,
      0.2920518139909431,
      0.2921070259199173,
      0.29280034782758263,
      0.29428143080328456,
      0.29445611074760786,
      0.29616274664780007,
      0.2977267873826244,
      0.29837486894802007,
      0.29839891508401417,
      0.30103533465804105,
      0.3010451711098961,
