{
  "task": "classification",
  "format": "onnx",
  "preset_name": "default",
  "best_iteration": 99,
  "params": {
    "tree_method": "hist",
    "device": "cpu",
    "learning_rate": 0.3,
    "max_depth": 6,
    "min_child_weight": 1,
    "subsample": 1.0,
    "colsample_bytree": 1.0,
    "reg_alpha": 0.0,
    "reg_lambda": 1.0,
    "max_bin": 256,
    "n_estimators": 2000,
    "early_stopping_rounds": 50,
    "nthread": 56,
    "objective": "binary:logistic",
    "scale_pos_weight": 1.3297,
    "eval_metric": "auc"
  },
  "profile": {
    "n_samples": 650,
    "n_features": 1622,
    "n_p_ratio": 0.4007398273736128,
    "sparsity": 0.9681162856871858,
    "is_sparse_counts": false,
    "binary_feature_fraction": 0.6528976572133169,
    "feature_signal_strength": 0.0702496486282186,
    "feature_signal_p90": 0.13252688143835378,
    "task": "classification",
    "imbalance_ratio": 1.3297491039426523,
    "y_skewness": 0.0,
    "y_all_positive": false
  },
  "portfolio_scores": {
    "flaml": NaN,
    "autogluon": NaN,
    "heuristic": 0.9128056628056628,
    "default": 0.9594594594594593
  },
  "decision_cutoff_raw": 0.7354180216789246,
  "decision_cutoff_raw_source": "oof_balanced_accuracy",
  "decision_cutoff_proba": 0.7377230009940421,
  "decision_cutoff_rank": 0.6317411402157165,
  "decision_cutoff_logit": 1.034167223355049,
  "calibrator": {
    "method": "platt",
    "coef": 4.590570220281017,
    "intercept": -2.341820846422202
  },
  "ranker": {
    "knots": [
      5.6458189646946266e-05,
      0.00010331923112971708,
      0.00016126262198667973,
      0.00021005247253924608,
      0.00022117584012448788,
      0.0002413949987385422,
      0.0002518416731618345,
      0.0002768200938589871,
      0.0002940838458016515,
      0.0003048919315915555,
      0.00036376845673657954,
      0.00045827750000171363,
      0.0005548584740608931,
      0.0005639746668748558,
      0.0005957221146672964,
      0.0006317312945611775,
      0.0006626712274737656,
      0.0006725178682245314,
      0.0007401214679703116,
      0.0007630817708559334,
      0.0007842608029022813,
      0.0007972730090841651,
      0.0008013123879209161,
      0.0008311982383020222,
      0.0008968572365120053,
      0.0009031782392412424,
      0.0009601479978300631,
      0.0009718631627038121,
      0.0010972745949402452,
      0.0011023128172382712,
      0.0011253415141254663,
      0.0011419599177315831,
      0.0011765172239392996,
      0.001199992373585701,
      0.001208659028634429,
      0.0012197898468002677,
      0.0012197898468002677,
      0.0012572412379086018,
      0.00130837329197675,
      0.0013623617123812437,
      0.001375971594825387,
      0.001715881866402924,
      0.0017737065209075809,
      0.0018352370243519545,
      0.001870208652690053,
      0.001870208652690053,
      0.0019121906952932477,
      0.001993575831875205,
      0.0019959432538598776,
      0.0019959432538598776,
      0.002045936184003949,
      0.0020913840271532536,
      0.002097747754305601,
      0.0021120973397046328,
      0.0021120973397046328,
      0.0021342632826417685,
      0.002157490700483322,
      0.0022136843763291836,
      0.0023278333246707916,
      0.00233662617392838,
      0.0025104135274887085,
      0.0025337780825793743,
      0.0027070026844739914,
      0.0027289623394608498,
      0.002731556538492441,
      0.0027569851372390985,
      0.002831557532772422,
      0.002834285143762827,
      0.0028440996538847685,
      0.002999694785103202,
      0.0030046701431274414,
      0.0031060436740517616,
      0.0031568275298923254,
      0.0032025016844272614,
      0.003220577957108617,
      0.0032402388751506805,
      0.003344559343531728,
      0.003360670991241932,
      0.0035064013209193945,
      0.0035154097713530064,
      0.0035398080945014954,
      0.0035398080945014954,
      0.003605351783335209,
      0.003626601304858923,
      0.003763301996514201,
      0.003866565180942416,
      0.004020010586827993,
      0.0040468452498316765,
      0.004078721161931753,
      0.004084076266735792,
      0.004351070150732994,
      0.004371624439954758,
      0.004391517024487257,
      0.004437700845301151,
      0.004465682432055473,
      0.004511124454438686,
      0.004611268173903227,
      0.004652176517993212,
      0.004662327002733946,
      0.004676523618400097,
      0.00473103579133749,
      0.004815550986677408,
      0.004828775301575661,
      0.0048486823216080666,
      0.00493396632373333,
      0.005065693520009518,
      0.0051269824616611,
      0.005154747515916824,
      0.005255567375570536,
      0.005287951324135065,
      0.005504959728568792,
      0.005722964648157358,
      0.005722964648157358,
      0.00585614237934351,
      0.005895004607737064,
      0.005916745867580175,
      0.005986339412629604,
      0.005997702945023775,
      0.006330673582851887,
      0.0063327765092253685,
      0.0063327765092253685,
      0.0063327765092253685,
      0.006562243681401014,
      0.0065640658140182495,
      0.006621873006224632,
      0.006623365916311741,
      0.006712670903652906,
      0.006927492097020149,
      0.0071276589296758175,
      0.007187551353126764,
      0.0073471274226903915,
      0.007466824725270271,
      0.007578941527754068,
      0.007578941527754068,
      0.007582861930131912,
      0.007715305779129267,
      0.007852960377931595,
      0.00786874070763588,
      0.007984912022948265,
      0.008195821195840836,
      0.008280681446194649,
      0.008305081166327,
      0.00847864244133234,
      0.008594793267548084,
      0.008967815898358822,
      0.00902589038014412,
      0.009499086998403072,
      0.009516443125903606,
      0.009876502677798271,
      0.010006813332438469,
      0.010021780617535114,
      0.01034514233469963,
      0.010374210774898529,
      0.010424750857055187,
      0.010487166233360767,
      0.010519259609282017,
      0.010682781226933002,
      0.010776654817163944,
      0.011108028702437878,
      0.011136187240481377,
      0.01124816108494997,
      0.011394347064197063,
      0.011798695661127567,
      0.011876466684043407,
      0.011974607594311237,
      0.01199912279844284,
      0.012181836180388927,
      0.0125281922519207,
      0.012733746320009232,
      0.013167661614716053,
      0.01316987443715334,
      0.013342072255909443,
      0.013372696004807949,
      0.013477890752255917,
      0.013963053934276104,
      0.014230516739189625,
      0.014305139891803265,
      0.0143562201410532,
      0.014629624783992767,
      0.014650529250502586,
      0.014749713242053986,
      0.014928674325346947,
      0.014974519610404968,
      0.014982307329773903,
      0.01500923465937376,
      0.015576882287859917,
      0.015817886218428612,
      0.015913499519228935,
      0.01595965400338173,
      0.01633855700492859,
      0.01652423106133938,
      0.01677749678492546,
      0.01707572676241398,
      0.01722242683172226,
      0.017739905044436455,
      0.01780308037996292,
      0.017905307933688164,
      0.01802309788763523,
      0.018359584733843803,
      0.018470121547579765,
      0.019108988344669342,
      0.01949644647538662,
      0.019812678918242455,
      0.019981158897280693,
      0.020314285531640053,
      0.020314285531640053,
      0.020706765353679657,
      0.020904134958982468,
      0.021043967455625534,
      0.021282711997628212,
      0.02149178460240364,
      0.021804597228765488,
      0.022186586633324623,
      0.022617047652602196,
      0.022801563143730164,
      0.023096010088920593,
      0.023158540949225426,
      0.023226827383041382,
      0.02355860359966755,
      0.023687319830060005,
      0.02404794469475746,
      0.024300357326865196,
      0.024335572496056557,
      0.02500988356769085,
      0.025432826951146126,
      0.027085790410637856,
      0.02735762856900692,
      0.027965771034359932,
      0.028016485273838043,
      0.029703598469495773,
