{
    "portfolio": [
        "lr",
        "xgb",
        "rf",
        "svc"
    ],
    "max_batch_size": 100000,
    "max_imbalance_ratio": 100,
    "num_batches": 1,
    "population_prior": 0.1,
    "batch_priors": [
        0.1
    ],
    "decision_cutoff_raw": 0.35911324642867337,
    "decision_cutoff_proba": 0.13205839288293791,
    "decision_cutoff_rank": 0.8769757639620652,
    "decision_cutoff_logit": -1.882880244396064,
    "decision_cutoff_lift": 1.320583928829379
}