{
  "mode": "slow",
  "descriptor_types": [
    "chemeleon",
    "morgan",
    "clamp"
  ],
  "n_compounds": 6191,
  "n_actives": 412,
  "ratio_actives": 0.06654821515102569,
  "population_prior": 0.06654821515102569,
  "portfolio": [
    "xgb",
    "rf"
  ],
  "num_batches": {
    "chemeleon": 1,
    "morgan": 1,
    "clamp": 1
  },
  "decision_cutoff_raw": 0.12698705483031567,
  "decision_cutoff_proba": 0.036105707395636004,
  "decision_cutoff_rank": 0.8561120086160474,
  "oof_aucs": {
    "chemeleon": 0.9701299650391357,
    "morgan": 0.9756985452853233,
    "clamp": 0.9624431108953241
  },
  "proxy_aucs": {
    "chemeleon": 0.906895908688472,
    "morgan": 0.9092726930617553,
    "clamp": 0.9045638543974921
  },
  "train_aucs": {
    "chemeleon": 0.9997614395610488,
    "morgan": 0.9989743581128189,
    "clamp": 0.9999838299702472
  },
  "quality_aucs": {
    "chemeleon": 0.9404984905172227,
    "morgan": 0.9524227324578277,
    "clamp": 0.924902391820401
  },
  "active_descriptors": {
    "chemeleon": true,
    "morgan": true,
    "clamp": true
  },
  "ad_hard_cutoffs": {
    "chemeleon": 0.05000000074505806,
    "morgan": 0.05000000074505806,
    "clamp": 0.05000000074505806
  },
  "rank_error_curves": {
    "chemeleon": [
      [
        0.048338441779768725,
        0.09294365860887698,
        0.13242406300496698,
        0.1677750732594171,
        0.20648146036857687,
        0.24581855486605458,
        0.2840138659040491,
        0.332894782152935,
        0.3806802313338513,
        0.42158661782041285,
        0.4615514533486016,
        0.5009029252407522,
        0.5388040769178686,
        0.5849740410911213,
        0.6308494064366723,
        0.6850718015147872,
        0.752419409690064,
        0.8495760424997261,
        0.9786244506893342,
        0.999988792095466
      ],
      [
        0.011653397539463619,
        0.011725280685595084,
        0.011828417664113007,
        0.011923892013971543,
        0.012056422823205576,
        0.012265029180593199,
        0.012475203308218644,
        0.012851040843425272,
        0.013204969343894929,
        0.01371466850018113,
        0.01420308490608909,
        0.014899339337545602,
        0.015626436542824303,
        0.016801654869122048,
        0.01807668870649999,
        0.020968250663798618,
        0.0276215853618411,
        0.07473467781238206,
        0.2221877927985423,
        0.0708187618264832
      ]
    ],
    "morgan": [
      [
        0.013843342025491218,
        0.06203489139160196,
        0.09835664475639924,
        0.13720264904098795,
        0.18378623271191383,
        0.23965075567024263,
        0.2959190815770092,
        0.3592108236172311,
        0.4145795063108535,
        0.4605750965777239,
        0.4957771195279538,
        0.5312995015813838,
        0.5721408713155802,
        0.6146865082957467,
        0.6632318170349178,
        0.7200500491062959,
        0.7924055946074469,
        0.8723604562871092,
        0.9666841779709816,
        0.9995821995828855
      ],
      [
        0.010016646102637992,
        0.010076799342677181,
        0.01013686749362028,
        0.010236771985107217,
        0.010389488692698531,
        0.010563221559435287,
        0.010892698682459194,
        0.011532816112383507,
        0.011982830336516903,
        0.012373350584447267,
        0.012666931233928794,
        0.013474885467488557,
        0.014015005277499102,
        0.014851726791877363,
        0.01608922819983619,
        0.0192847687049952,
        0.024560386825674692,
        0.07115070763494023,
        0.29158269705376927,
        0.11505508441311463
      ]
    ],
    "clamp": [
      [
        0.03633367774330446,
        0.07227103697547882,
        0.10864055880786022,
        0.1474251872049141,
        0.1830607501965033,
        0.21901254908968276,
        0.2533925867219094,
        0.2884218942375272,
        0.32740868321118405,
        0.3647174056701774,
        0.40151747195385373,
        0.43839377590169704,
        0.47991709815515493,
        0.5228264038875707,
        0.5677768321996545,
        0.6186294287282885,
        0.6789091335636959,
        0.7941548246160349,
        0.9901882323365907,
        1.0
      ],
      [
        0.019421952369666116,
        0.019475215616608255,
        0.019593384273275265,
        0.01976701489438404,
        0.02001901572977726,
        0.020239725480161955,
        0.020486240821765415,
        0.020760743417380212,
        0.021028809528475086,
        0.02137852514375704,
        0.021621826893327877,
        0.0218963146323638,
        0.02235603616503957,
        0.02284238464428828,
        0.02368060950189479,
        0.024621991851595682,
        0.02637292599039102,
        0.03597438287538492,
        0.10524218563388466,
        0.05449508562204015
      ]
    ]
  },
  "decision_cutoff_logit": -3.2845306811787576,
  "decision_cutoff_lift": 0.5425495982679187
}