{
  "n_components": 45,
  "n_features_in": 2048,
  "n_cal_knots": 200,
  "cal_min": 2.8454172611236572,
  "cal_max": 33.80685043334961,
  "scaler": "standard"
}