{
  "n_components": 27,
  "n_features_in": 768,
  "n_cal_knots": 200,
  "cal_min": 2.3105454444885254,
  "cal_max": 10.749617576599121,
  "scaler": "standard"
}