{
  "n_components": 45,
  "n_features_in": 2048,
  "n_cal_knots": 200,
  "cal_min": 0.6854230761528015,
  "cal_max": 25.056791305541992,
  "scaler": "standard"
}