{
    "portfolio": [
        "xgb",
        "rf"
    ],
    "max_batch_size": 100000,
    "max_imbalance_ratio": 100,
    "num_batches": 1,
    "population_prior": 0.2129789864029666,
    "batch_priors": [
        0.2129789864029666
    ],
    "decision_cutoff_raw": 0.17701933958541125,
    "decision_cutoff_proba": 0.23448967738528967,
    "decision_cutoff_rank": 0.680368401532946,
    "decision_cutoff_logit": -1.1831311325687206,
    "decision_cutoff_lift": 1.1009991236488645
}