{
    "portfolio": [
        "xgb",
        "rf",
        "svc"
    ],
    "max_batch_size": 100000,
    "max_imbalance_ratio": 100,
    "num_batches": 1,
    "population_prior": 0.1,
    "batch_priors": [
        0.1
    ],
    "decision_cutoff_raw": 0.21245793402563903,
    "decision_cutoff_proba": 0.07357406761226677,
    "decision_cutoff_rank": 0.8735511064278189,
    "decision_cutoff_logit": -2.5330414776503725,
    "decision_cutoff_lift": 0.7357406761226677
}