{
    "portfolio": [
        "lr",
        "xgb",
        "rf",
        "svc"
    ],
    "max_batch_size": 100000,
    "max_imbalance_ratio": 100,
    "num_batches": 1,
    "population_prior": 0.1,
    "batch_priors": [
        0.1
    ],
    "decision_cutoff_raw": 0.2546776748067159,
    "decision_cutoff_proba": 0.07977854385485025,
    "decision_cutoff_rank": 0.8647175421209118,
    "decision_cutoff_logit": -2.445359759974263,
    "decision_cutoff_lift": 0.7977854385485025
}