{
  "n_components": 45,
  "n_features_in": 2048,
  "n_cal_knots": 200,
  "cal_min": 3.102482557296753,
  "cal_max": 28.599395751953125,
  "scaler": "standard"
}