{
  "n_components": 45,
  "n_features_in": 2048,
  "n_cal_knots": 200,
  "cal_min": 2.6816701889038086,
  "cal_max": 29.462392807006836,
  "scaler": "standard"
}