{
    "portfolio": [
        "lr",
        "xgb",
        "rf",
        "svc"
    ],
    "max_batch_size": 100000,
    "max_imbalance_ratio": 100,
    "num_batches": 1,
    "population_prior": 0.1,
    "batch_priors": [
        0.1
    ],
    "decision_cutoff_raw": 0.5137927979230881,
    "decision_cutoff_proba": 0.2641821952056287,
    "decision_cutoff_rank": 0.9004660913135836,
    "decision_cutoff_logit": -1.0243435417816626,
    "decision_cutoff_lift": 2.641821952056287
}