{
  "n_components": 45,
  "n_features_in": 2048,
  "n_cal_knots": 200,
  "cal_min": 3.0757408142089844,
  "cal_max": 24.034021377563477,
  "scaler": "standard"
}