{
  "n_components": 45,
  "n_features_in": 2048,
  "n_cal_knots": 200,
  "cal_min": 0.9960161447525024,
  "cal_max": 29.86126708984375,
  "scaler": "standard"
}