{
    "portfolio": [
        "xgb",
        "rf"
    ],
    "max_batch_size": 100000,
    "max_imbalance_ratio": 100,
    "num_batches": 1,
    "population_prior": 0.26438196713972334,
    "batch_priors": [
        0.26438196713972334
    ],
    "decision_cutoff_raw": 0.16934947773814202,
    "decision_cutoff_proba": 0.2751243456918833,
    "decision_cutoff_rank": 0.6841017016336994,
    "decision_cutoff_logit": -0.9687769672232156,
    "decision_cutoff_lift": 1.0406320395765976
}