{
    "portfolio": [
        "lr",
        "xgb",
        "rf",
        "svc"
    ],
    "max_batch_size": 100000,
    "max_imbalance_ratio": 100,
    "num_batches": 1,
    "population_prior": 0.1,
    "batch_priors": [
        0.1
    ],
    "decision_cutoff_raw": 0.2809764744481017,
    "decision_cutoff_proba": 0.11290522284856142,
    "decision_cutoff_rank": 0.8933430515063168,
    "decision_cutoff_logit": -2.061403097032692,
    "decision_cutoff_lift": 1.1290522284856142
}