{
  "n_components": 27,
  "n_features_in": 768,
  "n_cal_knots": 200,
  "cal_min": 3.0300300121307373,
  "cal_max": 11.787585258483887,
  "scaler": "standard"
}