{
  "n_components": 27,
  "n_features_in": 768,
  "n_cal_knots": 200,
  "cal_min": 3.0533101558685303,
  "cal_max": 10.901487350463867,
  "scaler": "standard"
}