{
  "mode": "slow",
  "descriptor_types": [
    "chemeleon",
    "clamp"
  ],
  "n_compounds": 635,
  "n_actives": 161,
  "ratio_actives": 0.25354330708661416,
  "population_prior": 0.25354330708661416,
  "portfolio": [
    "lr",
    "xgb",
    "rf",
    "svc"
  ],
  "num_batches": {
    "chemeleon": 1,
    "clamp": 1
  },
  "decision_cutoff_raw": 0.33192579155876556,
  "decision_cutoff_proba": 0.23984713090408355,
  "decision_cutoff_rank": 0.6995268138801262,
  "oof_aucs": {
    "chemeleon": 0.8947768430432163,
    "clamp": 0.9039232644075792
  },
  "proxy_aucs": {
    "chemeleon": 0.862738160756873,
    "clamp": 0.8502371779752076
  },
  "train_aucs": {
    "chemeleon": 1.0,
    "clamp": 1.0
  },
  "quality_aucs": {
    "chemeleon": 0.7895536860864325,
    "clamp": 0.8078465288151584
  },
  "active_descriptors": {
    "chemeleon": true,
    "clamp": true
  },
  "ad_hard_cutoffs": {
    "chemeleon": 0.05350000411272049,
    "clamp": 0.05350000411272049
  },
  "rank_error_curves": {
    "chemeleon": [
      [
        0.051580696881695476,
        0.10841170300723331,
        0.1316290720842123,
        0.15279923925125055,
        0.17887551937833052,
        0.19369602756432994,
        0.21447566724137712,
        0.23378810700948738,
        0.25698736818435347,
        0.29059246027052865,
        0.3194986636761427,
        0.36171822196832076,
        0.41093342400270705,
        0.4672521314494614,
        0.6410196799051694,
        0.9553460561595444,
        0.964601648527705,
        0.9769942995697911,
        0.9860426818999302,
        1.0
      ],
      [
        0.07902652550009792,
        0.08262064775682301,
        0.08511076412560514,
        0.08736635630743707,
        0.08934994575715216,
        0.08953669807368754,
        0.09281162162415273,
        0.09265104984858963,
        0.09426002540018222,
        0.09496028691123183,
        0.09779117952579855,
        0.10372032738621774,
        0.10814656701991572,
        0.11748119187184938,
        0.27453453044751297,
        0.26963135774616354,
        0.2616300168203376,
        0.24124487134035477,
        0.23139104005054068,
        0.20930328281413588
      ]
    ],
    "clamp": [
      [
        0.016961396025625696,
        0.06586272798226296,
        0.10011302003453343,
        0.13952609038822555,
        0.1761938074297057,
        0.1985200781167526,
        0.22801114003106343,
        0.257984926462312,
        0.29499252448823665,
        0.3304720229619631,
        0.38180807892226,
        0.4436340867820998,
        0.49797398606878596,
        0.5706266822561384,
        0.693852934845933,
        0.8949448793391548,
        0.9246713435065668,
        0.9464708650096048,
        0.9664292655808899,
        0.9882044796375866
      ],
      [
        0.07872945906402162,
        0.08006586106816754,
        0.08160603708478559,
        0.08350349271352998,
        0.08403360251767966,
        0.08610504695303832,
        0.08708137137912356,
        0.08793936692120262,
        0.0886253201422008,
        0.09316599978571433,
        0.10241615493934689,
        0.10930004121378009,
        0.13274361462019219,
        0.19000865518149362,
        0.3540913960134589,
        0.29557635558784034,
        0.24273994646812247,
        0.221616345602073,
        0.21058204837690572,
        0.20261633262634748
      ]
    ]
  },
  "decision_cutoff_logit": -1.1535177907670522,
  "decision_cutoff_lift": 0.9459809200254228
}