{
  "task": "classification",
  "format": "onnx",
  "preset_name": "linear",
  "use_linear": true,
  "n_features_in": 163,
  "classes": [
    0,
    1
  ],
  "params": {
    "C": 1.0,
    "class_weight": "balanced",
    "max_iter": 3150,
    "tol": 0.001,
    "random_state": 42,
    "use_linear": true
  },
  "profile": {
    "n_samples": 630,
    "n_features": 163,
    "n_p_ratio": 3.8650306748466257,
    "sparsity": 0.4661115980134385,
    "is_sparse_counts": false,
    "binary_feature_fraction": 0.12883435582822086,
    "feature_signal_strength": 0.10040279821061025,
    "feature_signal_p90": 0.21763365008713365,
    "task": "classification",
    "imbalance_ratio": 9.0,
    "y_skewness": 0.0,
    "y_all_positive": false
  },
  "portfolio_scores": {
    "heuristic": 0.8933333333333334,
    "default": 0.8879012345679013,
    "linear": 0.9940740740740741,
    "balanced_rbf": 0.8933333333333334
  },
  "decision_cutoff_raw": 0.5923162371659914,
  "decision_cutoff_raw_source": "oof_balanced_accuracy",
  "decision_cutoff_proba": 0.307090372197755,
  "decision_cutoff_rank": 0.8903020667726551,
  "decision_cutoff_logit": -0.813757507226451,
  "calibrator": {
    "method": "platt",
    "coef": 7.908061100439403,
    "intercept": -5.497830501517467
  },
  "ranker": {
    "knots": [
      0.0309226434063968,
      0.04414508273526466,
      0.045493567943653904,
      0.04668209454411619,
      0.04697808652294712,
      0.05328920116121603,
      0.05472111456943098,
      0.05526893093200967,
      0.056008690109078885,
      0.0628193140377816,
      0.06594516559406167,
      0.06780311023649349,
      0.07213888475503429,
      0.07741678631801134,
      0.07782365645072833,
      0.07925956499583016,
      0.0793236335601138,
      0.08713093699738408,
      0.08949401282919633,
      0.09002645614105054,
      0.09068815133581715,
      0.09087216748382736,
      0.09192776578994723,
      0.09442489837231588,
      0.09591625043306269,
      0.09704443411830777,
      0.09955340916036122,
      0.09986377787924887,
      0.10351705639195703,
      0.10478837033069886,
      0.10584034200107753,
      0.10703753522484002,
      0.10728415600445763,
      0.10816092636041966,
      0.10843063099533749,
      0.11421796785351597,
      0.11564691902461263,
      0.11803246145474666,
      0.12092102528943006,
      0.12150236585015328,
      0.12196815906567468,
      0.12224922842856649,
      0.12253576057149278,
      0.12347312764769067,
      0.12429986053697238,
      0.12523519646600306,
      0.12743887164800224,
      0.12851650416294558,
      0.12955022535884808,
      0.13053182386482032,
      0.1309795425328255,
      0.13323118344509896,
      0.1335942126858201,
      0.13459260195831418,
      0.13619252482522146,
      0.13810720671187532,
      0.13839694914225634,
      0.13904883281527763,
      0.13918790561449107,
      0.14225909494526012,
      0.14257961812888234,
      0.14287562741575197,
      0.14320704324428637,
      0.14374080102646458,
      0.14502783535789682,
      0.1454319805731003,
      0.14650737818962303,
      0.14747828731766996,
      0.14760233064766393,
      0.14840900231869208,
      0.14882094427538187,
      0.14926995411329744,
      0.14959086586606976,
      0.15001048434213257,
      0.15049467016484902,
      0.15161134502807488,
      0.15219418826824369,
      0.1526145737576201,
      0.1527147017591843,
      0.15278981879551448,
      0.15364771923771053,
      0.15582349216801675,
      0.15585007608330387,
      0.15598283884942749,
      0.15598890807457683,
      0.15679751330121894,
      0.15702906761968718,
      0.1578118053824833,
      0.1579611435355607,
      0.1582174016360052,
      0.15843033799776704,
      0.15884960641286802,
      0.15989718326089344,
      0.16082215190022858,
      0.16138075425257348,
      0.16147862012928366,
      0.1618020848180731,
      0.16232492470326584,
      0.1629898760811702,
      0.16373369455940323,
      0.1648513228886419,
      0.16516077918558264,
      0.1658047485691039,
      0.16702138495001176,
      0.1671292166451307,
      0.16831391113402017,
      0.1694975415962409,
      0.16950198079619283,
      0.1698270438188446,
      0.17009003887136592,
      0.17104980532652325,
      0.17105135961970003,
      0.17117838477397815,
      0.17134904010132407,
      0.17207437335123243,
      0.17288538660000524,
      0.17376256246283533,
      0.17427270047496277,
      0.17437951621143913,
      0.17488530666692914,
      0.17498210056680208,
      0.17706440797719097,
      0.177869179016774,
      0.17894995282262008,
      0.17943191721489626,
      0.17947373072863057,
      0.17952704025997343,
      0.17957217476095208,
      0.18033456277401635,
      0.18054984941728877,
      0.1821195855519086,
      0.1828031257896277,
      0.18364455407969524,
      0.1852950880979067,
      0.18586669751999335,
      0.1861851981896742,
      0.18855135305153373,
      0.18864450773627311,
      0.18878823768706354,
      0.18933635476504818,
      0.18954473206924785,
      0.19020131458446837,
      0.19028058762719377,
      0.19060643888433862,
      0.19079286474844892,
      0.19144903621161766,
      0.19170693911553902,
      0.19325444053524907,
      0.19459337483582398,
      0.19528848440465457,
      0.19566082301768356,
      0.19568715834829944,
      0.19582408395458248,
      0.19617578284873666,
      0.19652284558361757,
      0.19657258314306314,
      0.19831993223542702,
      0.19925159394833322,
      0.20006712643504915,
      0.20019111992638228,
      0.20060337327259722,
      0.2010923992599397,
      0.20169106605425155,
      0.20185862165924917,
      0.20201409300654163,
      0.20222147250732045,
      0.20292036955893672,
      0.20392353290700568,
      0.20495097125627518,
      0.20551867332213514,
      0.20659730161027984,
      0.2067369765176406,
      0.20727306789033048,
      0.20749697891471644,
      0.20755742474346736,
      0.2080921624014231,
      0.20872803686073949,
      0.20879534198795596,
      0.20906630248445193,
      0.20968908904324104,
      0.21233945746720398,
      0.21282428989161606,
      0.21412431817260505,
      0.21522205109283474,
      0.21565990613726704,
      0.21594249087282694,
      0.21635982337431173,
      0.2164721316576817,
      0.2165768249019456,
      0.21675907364486957,
      0.2177214227200897,
      0.21774210639115102,
      0.21808219190343034,
      0.2184637209014971,
      0.21850547762329403,
      0.21916920471879367,
      0.2217390589206481,
      0.22351495342866218,
      0.2237493134605403,
      0.22422675315470264,
      0.2248678433158987,
      0.22520447401833427,
      0.2257848909577811,
      0.22593248776235766,
      0.22606623574912424,
      0.22674434424035447,
      0.22701568553263002,
      0.22720892639356505,
      0.22792701509522306,
      0.22839586029551237,
      0.22840685656658372,
      0.2284567949087169,
      0.22895749282418773,
      0.2293888260245049,
      0.22950744232676157,
      0.22963602244387088,
      0.2304510153120437,
      0.23235176919475878,
      0.23263268952659089,
      0.23374035396194653,
      0.23668090953667917,
      0.23668920939990248,
      0.23679873028706563,
      0.23684114261546127,
      0.23704899261455398,
      0.2370807207577368,
      0.23709554707819913,
      0.23799757832915003,
      0.23838037480644428,
      0.23921096077738824,
      0.2397697397217824,
      0.24038880753414277,
      0.24044901962158705,
      0.24083399995181823,
      0.24139458104190525,
      0.24159078164004463,
      0.2430771405431929,
      0.24371297744044343,
      0.24406704260077083,
      0.24476858775453997,
      0.24519488008233015,
      0.2456516939943539,
      0.2459015616823722,
      0.246179029429937,
      0.24646370821508176,
      0.24663125464030208,
      0.2466919412250226,
      0.24696087259679186,
      0.2470498213861217,
      0.24779216192865486,
