{
  "task": "classification",
  "format": "onnx",
  "preset_name": "default",
  "best_iteration": 99,
  "params": {
    "tree_method": "hist",
    "device": "cpu",
    "learning_rate": 0.3,
    "max_depth": 6,
    "min_child_weight": 1,
    "subsample": 1.0,
    "colsample_bytree": 1.0,
    "reg_alpha": 0.0,
    "reg_lambda": 1.0,
    "max_bin": 256,
    "n_estimators": 2000,
    "early_stopping_rounds": 50,
    "nthread": 64,
    "objective": "binary:logistic",
    "scale_pos_weight": 9.0,
    "eval_metric": "auc"
  },
  "profile": {
    "n_samples": 630,
    "n_features": 163,
    "n_p_ratio": 3.8650306748466257,
    "sparsity": 0.4661115980134385,
    "is_sparse_counts": false,
    "binary_feature_fraction": 0.12883435582822086,
    "feature_signal_strength": 0.10040279821061025,
    "feature_signal_p90": 0.21763365008713365,
    "task": "classification",
    "imbalance_ratio": 9.0,
    "y_skewness": 0.0,
    "y_all_positive": false
  },
  "portfolio_scores": {
    "flaml": NaN,
    "heuristic": 0.9980246913580246,
    "default": 0.9953909465020576,
    "autogluon": 0.9967901234567901
  },
  "decision_cutoff_raw": 0.027705641463398933,
  "decision_cutoff_raw_source": "oof_balanced_accuracy",
  "decision_cutoff_proba": 0.016976309543353194,
  "decision_cutoff_rank": 0.8585055643879174,
  "decision_cutoff_logit": -4.058814404135826,
  "calibrator": {
    "method": "platt",
    "coef": 5.934307859612342,
    "intercept": -4.223228210027676
  },
  "ranker": {
    "knots": [
      7.547033601440489e-05,
      9.684749238658696e-05,
      9.878212586045265e-05,
      9.933831461239606e-05,
      0.00010121088416781276,
      0.0001012890788842924,
      0.00011823095701402053,
      0.00012140463513787836,
      0.00012194518058095127,
      0.0001234894443769008,
      0.00012582789349835366,
      0.0001300095027545467,
      0.00013169179146643728,
      0.00014258867304306477,
      0.00014333830040413886,
      0.0001471487630624324,
      0.00015532442193944007,
      0.0001575796923134476,
      0.00015978114970494062,
      0.00016459850303363055,
      0.00016655444051139057,
      0.00016710595809854567,
      0.00017227118951268494,
      0.00017326933448202908,
      0.0001853041903814301,
      0.00018608412938192487,
      0.00018829552573151886,
      0.00019404564227443188,
      0.00019463880744297057,
      0.00019959149358328432,
      0.00020082754781469703,
      0.0002010605385294184,
      0.00020178609702270478,
      0.00020417218911461532,
      0.00020671417587436736,
      0.00020700431196019053,
      0.00020839807984884828,
      0.0002108922926709056,
      0.0002118350676028058,
      0.00021429377375170588,
      0.00021471056970767677,
      0.00021745814592577517,
      0.00021799332171212882,
      0.00021807565644849092,
      0.00021846668096259236,
      0.00021868654584977776,
      0.00021976701100356877,
      0.0002234336279798299,
      0.00022393823019228876,
      0.00022397623979486525,
      0.0002254758874187246,
      0.00022828021610621363,
      0.00023051090829540044,
      0.00023217269335873425,
      0.00023240855080075562,
      0.0002326309186173603,
      0.00023382663493975997,
      0.00023524570860899985,
      0.0002394753391854465,
      0.00024202668282669038,
      0.00024407288583461195,
      0.00024414947256445885,
      0.00024536106502637267,
      0.0002480188268236816,
      0.0002480188268236816,
      0.0002488647005520761,
      0.0002505842421669513,
      0.0002519644040148705,
      0.0002523149305488914,
      0.00025262762210331857,
      0.00025584051036275923,
      0.00025589930010028183,
      0.0002597519487608224,
      0.00026130813057534397,
      0.0002619636943563819,
      0.0002623468462843448,
      0.00026392462314106524,
      0.0002649987582117319,
      0.0002651337126735598,
      0.0002677461307030171,
      0.0002690927649382502,
      0.00027098532882519066,
      0.0002710791304707527,
      0.0002729362458921969,
      0.00027709442656487226,
      0.00027709442656487226,
      0.00027812481857836246,
      0.0002789663849398494,
      0.00027980998856946826,
      0.0002799781213980168,
      0.0002801888040266931,
      0.00028413545805960894,
      0.0002857979270629585,
      0.00028821680461987853,
      0.00028907100204378366,
      0.0002896335208788514,
      0.00028966579702682793,
      0.0002905586443375796,
      0.00029070465825498104,
      0.00029096895013935864,
      0.0002945850428659469,
      0.00029686142806895077,
      0.00029940647073090076,
      0.00030026547028683126,
      0.0003012659144587815,
      0.0003037267888430506,
      0.0003048056096304208,
      0.0003050847153645009,
      0.0003053652180824429,
      0.00030767914722673595,
      0.0003097712469752878,
      0.00031163948005996644,
      0.0003127586096525192,
      0.00031440320890396833,
      0.00031611789017915726,
      0.00031787375337444246,
      0.00032129621831700206,
      0.0003217078628949821,
      0.00032176400418393314,
      0.00032189133344218135,
      0.0003223504463676363,
      0.0003229173307772726,
      0.0003230429720133543,
      0.00032493515755049884,
      0.000325260276440531,
      0.00032626622123643756,
      0.0003266652347519994,
      0.0003288004663772881,
      0.0003293815243523568,
      0.00033043359871953726,
      0.00033148270449601114,
      0.00033585596247576177,
      0.0003360206028446555,
      0.00033728303969837725,
      0.0003410008503124118,
      0.00034139136550948024,
      0.0003415930550545454,
      0.00034163586678914726,
      0.0003439755237195641,
      0.0003478468570392579,
      0.0003493542899377644,
      0.00034961552591994405,
      0.0003504907072056085,
      0.00035161906271241605,
      0.00035273440880700946,
      0.0003529178793542087,
      0.0003548090753611177,
      0.00035514141200110316,
      0.00035626330645754933,
      0.0003573840076569468,
      0.00035762274637818336,
      0.0003587263636291027,
      0.00036050117341801524,
      0.0003624817181844264,
      0.000362740975106135,
      0.0003637108893599361,
      0.0003673373139463365,
      0.00036752369487658143,
      0.000370452442439273,
      0.00037195804179646075,
      0.0003726131981238723,
      0.0003729322925209999,
      0.000375171861378476,
      0.00037537311436608434,
      0.00037771734059788287,
      0.000378700002329424,
      0.000378700002329424,
      0.000378700002329424,
      0.00038109932211227715,
      0.00038185028824955225,
      0.0003823580627795309,
      0.00038385417428798974,
      0.00038507042336277664,
      0.0003872154338750988,
      0.0003875579568557441,
      0.0003903825709130615,
      0.00039389857556670904,
      0.00039400861714966595,
      0.0003960931207984686,
      0.0003961439069826156,
      0.0003973691491410136,
      0.0003977472078986466,
      0.00039775119512341917,
      0.0003998960310127586,
      0.00040298703243024647,
      0.0004044475790578872,
      0.0004058205522596836,
      0.0004067002737428993,
      0.00041079215588979423,
      0.0004120898083783686,
      0.00041281504672951996,
      0.00041362844058312476,
      0.0004161095421295613,
      0.0004179344105068594,
      0.00042154232505708933,
      0.0004230874474160373,
      0.00042583930189721286,
      0.00042991479858756065,
      0.0004315506375860423,
      0.0004315605037845671,
      0.00043240285594947636,
      0.0004383245832286775,
      0.0004418255703058094,
      0.0004428436513990164,
      0.0004428436513990164,
      0.00044505015830509365,
      0.0004450652049854398,
      0.00044783958583138883,
      0.00045011172187514603,
      0.0004535467887762934,
      0.00046003900934010744,
      0.0004624144348781556,
      0.00046378272236324847,
      0.00046442815801128745,
      0.00046638684580102563,
      0.00046961376210674644,
      0.00047089418512769043,
      0.00047353372792713344,
      0.0004772336396854371,
      0.00047990481834858656,
