{
  "n_components": 45,
  "n_features_in": 2048,
  "n_cal_knots": 200,
  "cal_min": 2.0273425579071045,
  "cal_max": 23.796966552734375,
  "scaler": "standard"
}