{
  "n_components": 45,
  "n_features_in": 2048,
  "n_cal_knots": 200,
  "cal_min": 2.925619125366211,
  "cal_max": 42.564666748046875,
  "scaler": "standard"
}