{
  "n_components": 45,
  "n_features_in": 2048,
  "n_cal_knots": 200,
  "cal_min": 1.6900969743728638,
  "cal_max": 65.73918914794922,
  "scaler": "standard"
}