{
    "portfolio": [
        "lr",
        "xgb",
        "rf",
        "svc"
    ],
    "max_batch_size": 100000,
    "max_imbalance_ratio": 100,
    "num_batches": 1,
    "population_prior": 0.3963541666666667,
    "batch_priors": [
        0.3963541666666667
    ],
    "decision_cutoff_raw": 0.39900604769448145,
    "decision_cutoff_proba": 0.4389918321648896,
    "decision_cutoff_rank": 0.535304846274101,
    "decision_cutoff_logit": -0.24525465748244576,
    "decision_cutoff_lift": 1.1075746619666071
}