{
  "n_components": 27,
  "n_features_in": 768,
  "n_cal_knots": 200,
  "cal_min": 3.0849928855895996,
  "cal_max": 11.047099113464355,
  "scaler": "standard"
}