{
  "mode": "slow",
  "descriptor_types": [
    "chemeleon",
    "morgan",
    "rdkit"
  ],
  "n_compounds": 630,
  "n_actives": 63,
  "ratio_actives": 0.1,
  "population_prior": 0.1,
  "portfolio": [
    "lr",
    "xgb",
    "rf",
    "svc"
  ],
  "num_batches": {
    "chemeleon": 1,
    "morgan": 1,
    "rdkit": 1
  },
  "decision_cutoff_raw": 0.25344040005846585,
  "decision_cutoff_proba": 0.10199915675640281,
  "decision_cutoff_rank": 0.8717082535705108,
  "oof_aucs": {
    "chemeleon": 0.9981803420956861,
    "morgan": 0.9975084684079393,
    "rdkit": 0.9970045631421293
  },
  "proxy_aucs": {
    "chemeleon": 0.9967526105092243,
    "morgan": 0.9971445368270765,
    "rdkit": 0.9970325578791187
  },
  "train_aucs": {
    "chemeleon": 1.0,
    "morgan": 1.0,
    "rdkit": 1.0
  },
  "quality_aucs": {
    "chemeleon": 0.9963606841913721,
    "morgan": 0.9950169368158785,
    "rdkit": 0.9940091262842585
  },
  "active_descriptors": {
    "chemeleon": true,
    "morgan": true,
    "rdkit": true
  },
  "ad_hard_cutoffs": {
    "chemeleon": 0.052250005304813385,
    "morgan": 0.052250005304813385,
    "rdkit": 0.052250005304813385
  },
  "rank_error_curves": {
    "chemeleon": [
      [
        0.16351449135792795,
        0.2238616465376418,
        0.2506301813919426,
        0.2811393650718679,
        0.300240107194691,
        0.33129665483346343,
        0.3544927342395575,
        0.3877080569623459,
        0.41970336928173213,
        0.4408408993787142,
        0.473195338049472,
        0.508879255437698,
        0.5436570576071919,
        0.5833219506090228,
        0.6227065406103345,
        0.6771879082382408,
        0.7500342146127834,
        0.8887371639368012,
        0.9750243035270582,
        0.993329976852164
      ],
      [
        0.017906945740869564,
        0.018316295398303838,
        0.018781344688547787,
        0.019199421785387173,
        0.01940207504120135,
        0.019832886078586905,
        0.01989263307211572,
        0.02057953484855662,
        0.021235862351943257,
        0.021067192568821138,
        0.021575455451417095,
        0.02177658974202397,
        0.022497896541994564,
        0.022472283192619815,
        0.025398796996786082,
        0.02729360318673729,
        0.03129860479091074,
        0.20825418396928058,
        0.18563867091228406,
        0.171175114066765
      ]
    ],
    "morgan": [
      [
        0.11911546486420517,
        0.1738884517899534,
        0.20059368204297234,
        0.22553919856599447,
        0.24272969584183537,
        0.26500340592709704,
        0.28162506841338836,
        0.2952463309578358,
        0.31824748158891386,
        0.333402288208716,
        0.3475915076899368,
        0.37078961830038687,
        0.3929149324403429,
        0.42072667046891365,
        0.445235279573722,
        0.5170984572705153,
        0.6345564675302331,
        0.8469707190843315,
        0.9735665993626823,
        0.9956640856116801
      ],
      [
        0.01592615298482665,
        0.017301109253077814,
        0.01741509572396998,
        0.018153771507237033,
        0.018590234685411034,
        0.01924950277795974,
        0.019673389520491438,
        0.020370268704072648,
        0.020922402382708767,
        0.0210787385530357,
        0.02095723621467685,
        0.021840940827101932,
        0.02206348053891115,
        0.021990001892275842,
        0.02274859842415348,
        0.02324341494475637,
        0.02431018341802611,
        0.1829495501057253,
        0.17751970269766237,
        0.15974349458405512
      ]
    ],
    "rdkit": [
      [
        0.16038096495298856,
        0.24517206915781214,
        0.2792365806857021,
        0.3149835968683373,
        0.33645218569600566,
        0.37523143315523066,
        0.3975138404494123,
        0.41403253464044965,
        0.43804477612090864,
        0.46272010066806646,
        0.49300205889023097,
        0.5128870938063073,
        0.5383308554661876,
        0.5743461408460343,
        0.6264167409708691,
        0.6856718800078759,
        0.770739111033242,
        0.8823973268511671,
        0.9645291484348975,
        0.9963269286553302
      ],
      [
        0.015252600381488061,
        0.017169426316148546,
        0.018443691787512158,
        0.020180505645406705,
        0.02169827003667514,
        0.02433720635557593,
        0.028045857752567214,
        0.02791839042714083,
        0.028035772072346164,
        0.03163854313781869,
        0.03396035918240572,
        0.035700311755707335,
        0.03501327630397765,
        0.03821596433705427,
        0.036860124991561716,
        0.04065366457969347,
        0.05161333923104499,
        0.21463574635984456,
        0.24051183786793576,
        0.20092793600713793
      ]
    ]
  },
  "decision_cutoff_logit": -2.1752064611698008,
  "decision_cutoff_lift": 1.019991567564028
}