{
  "n_components": 27,
  "n_features_in": 768,
  "n_cal_knots": 200,
  "cal_min": 3.162075996398926,
  "cal_max": 8.385489463806152,
  "scaler": "standard"
}