{
  "n_components": 27,
  "n_features_in": 768,
  "n_cal_knots": 200,
  "cal_min": 2.7835803031921387,
  "cal_max": 10.940716743469238,
  "scaler": "standard"
}