{
  "n_components": 45,
  "n_features_in": 2048,
  "n_cal_knots": 200,
  "cal_min": 2.7181711196899414,
  "cal_max": 190.6544952392578,
  "scaler": "standard"
}