{
    "portfolio": [
        "lr",
        "xgb",
        "rf",
        "svc"
    ],
    "max_batch_size": 100000,
    "max_imbalance_ratio": 100,
    "num_batches": 1,
    "population_prior": 0.1,
    "batch_priors": [
        0.1
    ],
    "decision_cutoff_raw": 0.2131604640526336,
    "decision_cutoff_proba": 0.12854493813975804,
    "decision_cutoff_rank": 0.8959549783847078,
    "decision_cutoff_logit": -1.9138857431503171,
    "decision_cutoff_lift": 1.2854493813975802
}