{
  "n_components": 45,
  "n_features_in": 2048,
  "n_cal_knots": 200,
  "cal_min": 2.0067126750946045,
  "cal_max": 20.362367630004883,
  "scaler": "standard"
}