{
    "portfolio": [
        "lr",
        "xgb",
        "rf",
        "svc"
    ],
    "max_batch_size": 100000,
    "max_imbalance_ratio": 100,
    "num_batches": 1,
    "population_prior": 0.1,
    "batch_priors": [
        0.1
    ],
    "decision_cutoff_raw": 0.23443891154551222,
    "decision_cutoff_proba": 0.08246414491372336,
    "decision_cutoff_rank": 0.8244325767690254,
    "decision_cutoff_logit": -2.4093280665130536,
    "decision_cutoff_lift": 0.8246414491372336
}