{
  "mode": "slow",
  "descriptor_types": [
    "chemeleon",
    "clamp"
  ],
  "n_compounds": 970,
  "n_actives": 97,
  "ratio_actives": 0.1,
  "population_prior": 0.1,
  "portfolio": [
    "lr",
    "xgb",
    "rf",
    "svc"
  ],
  "num_batches": {
    "chemeleon": 1,
    "clamp": 1
  },
  "decision_cutoff_raw": 0.3429529732767054,
  "decision_cutoff_proba": 0.19769088661762668,
  "decision_cutoff_rank": 0.893168227547044,
  "oof_aucs": {
    "chemeleon": 0.9991851773125022,
    "clamp": 0.9992442224347847
  },
  "proxy_aucs": {
    "chemeleon": 0.9983113095027218,
    "clamp": 0.9995158299972839
  },
  "train_aucs": {
    "chemeleon": 1.0,
    "clamp": 1.0
  },
  "quality_aucs": {
    "chemeleon": 0.9983703546250045,
    "clamp": 0.9984884448695694
  },
  "active_descriptors": {
    "chemeleon": true,
    "clamp": true
  },
  "ad_hard_cutoffs": {
    "chemeleon": 0.052250005304813385,
    "clamp": 0.052250005304813385
  },
  "rank_error_curves": {
    "chemeleon": [
      [
        0.17220908819268693,
        0.24591171317780433,
        0.2722955456350924,
        0.30315691821445157,
        0.3279843601224301,
        0.3536949339094285,
        0.37620190334453507,
        0.404545501084718,
        0.426710341265876,
        0.4483438196899209,
        0.4719545575515416,
        0.49878602548092943,
        0.5206695890781519,
        0.5485063248222654,
        0.581768035011964,
        0.6190800033842931,
        0.6878451208732838,
        0.8883545599146412,
        0.9678873619477334,
        0.9991266967450325
      ],
      [
        0.008875176500085886,
        0.00933931978311833,
        0.009517297908486915,
        0.009785585169786924,
        0.009902227723197744,
        0.010279419662766718,
        0.010354529916637894,
        0.010558027720377639,
        0.010986907195944277,
        0.011348208035605229,
        0.011236244214105132,
        0.012396868780497422,
        0.012140090808141981,
        0.01319900203187872,
        0.013238335596326905,
        0.014092994636693721,
        0.014533199968923808,
        0.08308225576812085,
        0.12005092462847956,
        0.09873427508927791
      ]
    ],
    "clamp": [
      [
        0.2043137566993816,
        0.23741731795110854,
        0.2605631648066348,
        0.28046890756537696,
        0.3072175915984705,
        0.328590199642889,
        0.35027850010007755,
        0.3756839036034414,
        0.39823929008147535,
        0.4219542367747729,
        0.44340005814785133,
        0.46527720244463383,
        0.4917410867445049,
        0.5290453950294343,
        0.5683162434819862,
        0.6132126950552736,
        0.6797506710677109,
        0.8942431575325005,
        0.9682583412070811,
        0.9989857659077902
      ],
      [
        0.010907489230314956,
        0.011180694652575335,
        0.011449938409524098,
        0.011635393519901487,
        0.011819020875395226,
        0.01203046867151111,
        0.012194989159509322,
        0.012407355698755227,
        0.012678906776054199,
        0.012911624369177898,
        0.012939649059064019,
        0.013124423941758535,
        0.013477042240884076,
        0.013660886637624749,
        0.014226398256771383,
        0.014544390229400609,
        0.015753154359572617,
        0.1253695407925951,
        0.13659339063796347,
        0.1184527435359637
      ]
    ]
  },
  "decision_cutoff_logit": -1.4007893296793494,
  "decision_cutoff_lift": 1.9769088661762668
}