{
  "n_components": 45,
  "n_features_in": 2048,
  "n_cal_knots": 200,
  "cal_min": 2.7037768363952637,
  "cal_max": 81.63931274414062,
  "scaler": "standard"
}