{
    "portfolio": [
        "lr",
        "xgb",
        "rf",
        "svc"
    ],
    "max_batch_size": 100000,
    "max_imbalance_ratio": 100,
    "num_batches": 1,
    "population_prior": 0.1,
    "batch_priors": [
        0.1
    ],
    "decision_cutoff_raw": 0.07554021762352305,
    "decision_cutoff_proba": 0.051890299026405344,
    "decision_cutoff_rank": 0.7772884554891475,
    "decision_cutoff_logit": -2.9053383578255874,
    "decision_cutoff_lift": 0.5189029902640534
}