{
  "n_components": 14,
  "n_features_in": 217,
  "n_cal_knots": 200,
  "cal_min": 1.4523895978927612,
  "cal_max": 21.40790557861328,
  "scaler": "standard"
}