{
  "mode": "slow",
  "descriptor_types": [
    "chemeleon",
    "clamp",
    "morgan"
  ],
  "n_compounds": 329176,
  "n_actives": 702,
  "ratio_actives": 0.0021325977592534084,
  "population_prior": 0.0021325977592534084,
  "portfolio": [
    "xgb",
    "rf"
  ],
  "num_batches": {
    "chemeleon": 5,
    "clamp": 5,
    "morgan": 5
  },
  "decision_cutoff_raw": 0.06169787749897145,
  "decision_cutoff_proba": 0.013211627194864716,
  "decision_cutoff_rank": 0.935131382699328,
  "oof_aucs": {
    "chemeleon": 0.9483029451338105,
    "clamp": 0.9644620491708636,
    "morgan": 0.9436450380571217
  },
  "proxy_aucs": {
    "chemeleon": 0.8878766609037265,
    "clamp": 0.955111768573307,
    "morgan": 0.8824261369631741
  },
  "train_aucs": {
    "chemeleon": 0.9999952100871807,
    "clamp": 0.9999785679047966,
    "morgan": 0.9998015883238154
  },
  "quality_aucs": {
    "chemeleon": 0.8966106801804403,
    "clamp": 0.9289455304369307,
    "morgan": 0.8874884877904281
  },
  "active_descriptors": {
    "chemeleon": true,
    "clamp": true,
    "morgan": true
  },
  "ad_hard_cutoffs": {
    "chemeleon": 0.05000000074505806,
    "clamp": 0.05000000074505806,
    "morgan": 0.05000000074505806
  },
  "rank_error_curves": {
    "chemeleon": [
      [
        0.04646350090940254,
        0.16014492156027124,
        0.20587022124487886,
        0.2444324902034518,
        0.27990314920194825,
        0.31373382499585495,
        0.34666556099284673,
        0.3803721991982306,
        0.4148851996812983,
        0.4506655289162181,
        0.48851659262955655,
        0.5279686310192229,
        0.5693625835525667,
        0.6136523106016819,
        0.6607746868708914,
        0.7124049063713365,
        0.7684148220663312,
        0.830897121323867,
        0.9028135654167648,
        0.9999903257302977
      ],
      [
        9.103409708178395e-05,
        0.0001231483259724515,
        0.00014536947521782626,
        0.0001634589570844182,
        0.000180053835301714,
        0.0001974187442528306,
        0.00021508723377392137,
        0.000235659348574265,
        0.00025856807631226893,
        0.00028503909832758317,
        0.00031484791871465203,
        0.00035521867235784857,
        0.0004025504759614611,
        0.000470671154532727,
        0.0005584465599092154,
        0.0007078129763990898,
        0.0009586053196590052,
        0.0015402784700716285,
        0.0037862372701052893,
        0.04628090044721439
      ]
    ],
    "clamp": [
      [
        0.07765333190704217,
        0.20008202224362553,
        0.24478321162532118,
        0.28109997980971074,
        0.3126690587192038,
        0.3427248895692533,
        0.3716087982673247,
        0.39996224160926985,
        0.4282852987464222,
        0.45755324443148016,
        0.4875277820432462,
        0.5193947315571512,
        0.5534334184769107,
        0.5899875751430684,
        0.6313337299102404,
        0.6780384249129288,
        0.7344435718387092,
        0.8024215183919008,
        0.8932410696168738,
        0.999956886696627
      ],
      [
        0.00012558295965059795,
        0.00013938343560301723,
        0.00014547476317269007,
        0.0001493017072778043,
        0.0001522660984529762,
        0.00015520178180553065,
        0.00015823874725481808,
        0.0001613317525759479,
        0.00016512796575222168,
        0.00016956131522516583,
        0.0001746976953563276,
        0.0001814291015483602,
        0.0001894624729391904,
        0.00019822411707908738,
        0.00021186058148581175,
        0.0002338128158356539,
        0.000276757801939456,
        0.00040110089579197265,
        0.0012433403585132687,
        0.05325577383824899
      ]
    ],
    "morgan": [
      [
        0.008039472343480528,
        0.14336078097819321,
        0.19685533891031623,
        0.2404282894050374,
        0.28017230876228866,
        0.31789648679781474,
        0.3545044564909149,
        0.390727223289305,
        0.4271993625977295,
        0.46395378961447015,
        0.5017447959429665,
        0.5415731053871051,
        0.583146978881792,
        0.6273654436446693,
        0.6745698980319543,
        0.7255701727616121,
        0.7810573050910925,
        0.8425391018630783,
        0.9122383514153259,
        0.9999694797531695
      ],
      [
        0.00011044248094149409,
        0.0001551464436253519,
        0.00018315746434996645,
        0.0002057236333744487,
        0.00022856296681551705,
        0.00025143654110215935,
        0.0002751279001441502,
        0.0003015113714357555,
        0.0003300101154773094,
        0.000363521418931819,
        0.00040197071967274233,
        0.0004505041847655325,
        0.0005063468198450521,
        0.0005771789869237358,
        0.000675812416147292,
        0.000824460559176881,
        0.0010819134276853668,
        0.0016461631218146209,
        0.0038336200628761113,
        0.07547259519588025
      ]
    ]
  },
  "decision_cutoff_logit": -4.313358311889808,
  "decision_cutoff_lift": 6.195086315522491
}