{
  "mode": "slow",
  "descriptor_types": [
    "chemeleon",
    "clamp",
    "rdkit"
  ],
  "n_compounds": 1180,
  "n_actives": 118,
  "ratio_actives": 0.1,
  "population_prior": 0.1,
  "portfolio": [
    "lr",
    "xgb",
    "rf",
    "svc"
  ],
  "num_batches": {
    "chemeleon": 1,
    "clamp": 1,
    "rdkit": 1
  },
  "decision_cutoff_raw": 0.1829993289829803,
  "decision_cutoff_proba": 0.05841625044510914,
  "decision_cutoff_rank": 0.8543492602016776,
  "oof_aucs": {
    "chemeleon": 0.9853729771138562,
    "clamp": 0.9871524785342655,
    "rdkit": 0.9721344441252514
  },
  "proxy_aucs": {
    "chemeleon": 0.9789532062944876,
    "clamp": 0.9824364007788311,
    "rdkit": 0.9783906284911743
  },
  "train_aucs": {
    "chemeleon": 1.0,
    "clamp": 0.9999561109515146,
    "rdkit": 1.0
  },
  "quality_aucs": {
    "chemeleon": 0.9707459542277124,
    "clamp": 0.9743488461170163,
    "rdkit": 0.9442688882505028
  },
  "active_descriptors": {
    "chemeleon": true,
    "clamp": true,
    "rdkit": true
  },
  "ad_hard_cutoffs": {
    "chemeleon": 0.05000000074505806,
    "clamp": 0.054750002920627594,
    "rdkit": 0.05000000074505806
  },
  "rank_error_curves": {
    "chemeleon": [
      [
        0.08893050617001001,
        0.1449046255001084,
        0.17742621672927988,
        0.20016578683194033,
        0.22185696216766268,
        0.24095584827540437,
        0.2677867087536726,
        0.2901982622044631,
        0.313405727130311,
        0.33946349480169347,
        0.36631830853250513,
        0.3973822682974825,
        0.4302016700130389,
        0.47091794093827083,
        0.5154838073423632,
        0.5959623971649594,
        0.7246136392876583,
        0.9077611832228731,
        0.9620883611130226,
        0.9921189581913175
      ],
      [
        0.01685683705236878,
        0.01706215725030295,
        0.017373650972670154,
        0.017530326499260174,
        0.017685181304500492,
        0.017851234148448494,
        0.018217824753683422,
        0.01870696164197822,
        0.019279041818069633,
        0.01955835829037862,
        0.01961590144356514,
        0.0206587708246257,
        0.02127449580591039,
        0.02131771837684247,
        0.023841284933683614,
        0.023973746620447718,
        0.0376342656205017,
        0.24458748371421826,
        0.1940517613111275,
        0.16691347151363495
      ]
    ],
    "clamp": [
      [
        0.13603046586630513,
        0.1783245084874309,
        0.20968816294948067,
        0.2389647970367579,
        0.26728573947685363,
        0.29797326496039656,
        0.32528609226404004,
        0.3518064460533974,
        0.376028440920752,
        0.4087176364633873,
        0.441016469941513,
        0.46685944382134403,
        0.506693411885037,
        0.5511251609237235,
        0.6021358864809176,
        0.6663521616592647,
        0.7440686926984761,
        0.9033568289454443,
        0.9660757879934985,
        0.999357046751408
      ],
      [
        0.016385850784485477,
        0.01678690419606193,
        0.01716164104317475,
        0.017517534061985154,
        0.017564152059760727,
        0.017985946917633652,
        0.018404585682454518,
        0.018545701568452373,
        0.018645437823557574,
        0.019108461415035177,
        0.019523393521290767,
        0.01962298937007394,
        0.0200469016517273,
        0.020393849201839096,
        0.021002088469427634,
        0.022118428162791175,
        0.03575079973353887,
        0.252603920003596,
        0.18868508414862764,
        0.16645140500660338
      ]
    ],
    "rdkit": [
      [
        0.16159828741473561,
        0.2546031926125786,
        0.29897060061458947,
        0.32537776867544793,
        0.3452934106148689,
        0.36296854662953393,
        0.38404809026426195,
        0.40624777044510907,
        0.4248330556946597,
        0.4548579082233466,
        0.4749444345962791,
        0.49814648520392085,
        0.5271679757676646,
        0.5581729581099161,
        0.6009165062207451,
        0.6514957420076162,
        0.734236660710824,
        0.9003036176609533,
        0.9527643412837711,
        0.9960219834195156
      ],
      [
        0.01916831826479553,
        0.021052075867840477,
        0.023152069725474962,
        0.024680072075433726,
        0.026831569324262595,
        0.028712952806810552,
        0.029673275798765664,
        0.03312908474116652,
        0.03583783819957908,
        0.037880503891172264,
        0.03526165705782401,
        0.033995602482199745,
        0.036223100374134114,
        0.04266471615823863,
        0.04775256762678463,
        0.06500945361107723,
        0.06976949779336822,
        0.24485690780342076,
        0.2880985751550333,
        0.20887716176415963
      ]
    ]
  },
  "decision_cutoff_logit": -2.7799691852923147,
  "decision_cutoff_lift": 0.5841625044510914
}