{
  "mode": "slow",
  "descriptor_types": [
    "chemeleon",
    "clamp",
    "rdkit"
  ],
  "n_compounds": 1010,
  "n_actives": 101,
  "ratio_actives": 0.1,
  "population_prior": 0.1,
  "portfolio": [
    "lr",
    "xgb",
    "rf",
    "svc"
  ],
  "num_batches": {
    "chemeleon": 1,
    "clamp": 1,
    "rdkit": 1
  },
  "decision_cutoff_raw": 0.1929447088133016,
  "decision_cutoff_proba": 0.06550066276430197,
  "decision_cutoff_rank": 0.8660940425063318,
  "oof_aucs": {
    "chemeleon": 0.9953272554978271,
    "clamp": 0.9948371074731235,
    "rdkit": 0.9946846169765492
  },
  "proxy_aucs": {
    "chemeleon": 0.9939003801370236,
    "clamp": 0.9947172935115294,
    "rdkit": 0.9941509002385387
  },
  "train_aucs": {
    "chemeleon": 1.0,
    "clamp": 1.0,
    "rdkit": 1.0
  },
  "quality_aucs": {
    "chemeleon": 0.9906545109956542,
    "clamp": 0.989674214946247,
    "rdkit": 0.9893692339530984
  },
  "active_descriptors": {
    "chemeleon": true,
    "clamp": true,
    "rdkit": true
  },
  "ad_hard_cutoffs": {
    "chemeleon": 0.052250005304813385,
    "clamp": 0.05000000074505806,
    "rdkit": 0.052250005304813385
  },
  "rank_error_curves": {
    "chemeleon": [
      [
        0.12364257553905102,
        0.2036612028318096,
        0.24442312582566833,
        0.270332079808226,
        0.2925740956838091,
        0.3272383215391831,
        0.35047110594861675,
        0.3744139788433124,
        0.4020396244211662,
        0.4293698679579595,
        0.45411786496573703,
        0.4751687590649119,
        0.5141160332754028,
        0.5508245475843061,
        0.5924201159770186,
        0.6576223644814693,
        0.7428841638297433,
        0.8840092043279012,
        0.9777991091936984,
        0.9993517512285351
      ],
      [
        0.015425592385820567,
        0.01567604106688849,
        0.015976200350673014,
        0.01615747132982859,
        0.016300088147182226,
        0.01646196346383214,
        0.016711263470681522,
        0.017203543157204747,
        0.017145298372971154,
        0.01753725063581354,
        0.01781136459256437,
        0.018632693921600895,
        0.018961964398648785,
        0.019462856305498676,
        0.02013770082358131,
        0.022016502289618902,
        0.02528980303768706,
        0.15081852133025042,
        0.1522600718736455,
        0.12433762826774176
      ]
    ],
    "clamp": [
      [
        0.12776744890973432,
        0.16286576717993384,
        0.18771282080779642,
        0.21150330503097323,
        0.23426629821073763,
        0.26076813583507136,
        0.2848362554781047,
        0.3189901483812485,
        0.3518331826291304,
        0.38558222357610794,
        0.4214324302163789,
        0.45415517366985564,
        0.4999189377767813,
        0.5412113413748717,
        0.5902500958173167,
        0.6741587654819691,
        0.7775180858448508,
        0.8911768242455338,
        0.9616166605146907,
        0.9946621319098021
      ],
      [
        0.013577580547930408,
        0.014007539459982338,
        0.01435783675585327,
        0.014586580574933542,
        0.014792260783352707,
        0.014853015449885088,
        0.015133367326762268,
        0.015407614370664752,
        0.01545346471340347,
        0.015689700211372715,
        0.016120519640712355,
        0.016287368128316337,
        0.016593574030080587,
        0.017007027895652723,
        0.017390840300451505,
        0.018652792185063476,
        0.030345281509269326,
        0.24294453922380765,
        0.16488624220692485,
        0.1444001751587735
      ]
    ],
    "rdkit": [
      [
        0.15986808472936856,
        0.19646293209215124,
        0.22637079791373968,
        0.2583730701517519,
        0.2902768655068873,
        0.31428774679995064,
        0.3480034714561716,
        0.37642100342649076,
        0.40760700421710827,
        0.4371942861953214,
        0.4639370905784757,
        0.4925904245465291,
        0.5240214857722411,
        0.5619519390060986,
        0.6032290008562605,
        0.6556957440011956,
        0.7361123873103086,
        0.9002989257578926,
        0.9609569113194,
        0.9984594428211775
      ],
      [
        0.014414074367972781,
        0.014923273088758219,
        0.01531126022766455,
        0.015753688869289198,
        0.016007329714230634,
        0.01642673164762045,
        0.01676172271084711,
        0.016810051828217612,
        0.017572339667900113,
        0.01791759889935297,
        0.017885605291145593,
        0.018044419811516305,
        0.018479890750774903,
        0.019166714059653377,
        0.020005549873907163,
        0.020788479437296586,
        0.03595273165588312,
        0.18163734459079722,
        0.16995733541860364,
        0.14255071876871483
      ]
    ]
  },
  "decision_cutoff_logit": -2.6579506565483038,
  "decision_cutoff_lift": 0.6550066276430196
}