{
  "mode": "slow",
  "descriptor_types": [
    "chemeleon",
    "rdkit",
    "clamp"
  ],
  "n_compounds": 44674,
  "n_actives": 11811,
  "ratio_actives": 0.26438196713972334,
  "population_prior": 0.26438196713972334,
  "portfolio": [
    "xgb",
    "rf"
  ],
  "num_batches": {
    "chemeleon": 1,
    "rdkit": 1,
    "clamp": 1
  },
  "decision_cutoff_raw": 0.201661425350813,
  "decision_cutoff_proba": 0.287123772936994,
  "decision_cutoff_rank": 0.6870745755083482,
  "oof_aucs": {
    "chemeleon": 0.9433040975242201,
    "rdkit": 0.9419349425782604,
    "clamp": 0.9348892463722305
  },
  "proxy_aucs": {
    "chemeleon": 0.7946915431913206,
    "rdkit": 0.7909389290869789,
    "clamp": 0.7870562449986944
  },
  "train_aucs": {
    "chemeleon": 1.0,
    "rdkit": 0.9999102165180362,
    "clamp": 0.9999910432932064
  },
  "quality_aucs": {
    "chemeleon": 0.8866081950484401,
    "rdkit": 0.8839596686384845,
    "clamp": 0.8697874494512545
  },
  "active_descriptors": {
    "chemeleon": true,
    "rdkit": true,
    "clamp": true
  },
  "ad_hard_cutoffs": {
    "chemeleon": 0.05000000074505806,
    "rdkit": 0.05000000074505806,
    "clamp": 0.05000000074505806
  },
  "rank_error_curves": {
    "chemeleon": [
      [
        0.0075791906700044135,
        0.06428090699229405,
        0.09712615298374269,
        0.1268296155528793,
        0.15487681047592874,
        0.18221106770094264,
        0.20840893540526334,
        0.23481085154210135,
        0.26284452906838995,
        0.29378443086249095,
        0.3311249620486644,
        0.38257553916294573,
        0.4521884996265676,
        0.5548963574228909,
        0.8415128527053259,
        0.8851535897329572,
        0.9113937241392358,
        0.9371950507751584,
        0.9647452487131407,
        1.0
      ],
      [
        0.008967562634808437,
        0.011944127921738507,
        0.013508023007860762,
        0.014244641635389637,
        0.015507227937435402,
        0.016956957363089612,
        0.018493481578039272,
        0.021480522744281617,
        0.024562703304979762,
        0.029074165346859422,
        0.03465280561665864,
        0.04297227937603679,
        0.055878692394532095,
        0.09287581724322005,
        0.1888904107491014,
        0.11812766577838402,
        0.07630837988465627,
        0.044718241122266356,
        0.019363251410316352,
        0.004605015412211486
      ]
    ],
    "rdkit": [
      [
        0.022617373705424323,
        0.0759407893781944,
        0.11208361694673746,
        0.14379578957349382,
        0.17493625012034153,
        0.20446779966383657,
        0.23316914476465792,
        0.2625306844027733,
        0.2922862085213895,
        0.32715025286724764,
        0.36835322491840433,
        0.4198456219597951,
        0.49366474572115315,
        0.6003870290669535,
        0.8005515210592264,
        0.860856843805851,
        0.8969503598208013,
        0.9279173801119578,
        0.9599222063915965,
        0.999997060562491
      ],
      [
        0.011188998504725196,
        0.012807219593826686,
        0.013995582988652147,
        0.015717814591671445,
        0.01730981531612087,
        0.01928999148941083,
        0.022365390607972508,
        0.02560169695059079,
        0.029069816133123632,
        0.03485290058348756,
        0.041369774062049156,
        0.052172418000658305,
        0.07294870477470639,
        0.13539602080378918,
        0.3055700807519061,
        0.177305787916687,
        0.10526176933215545,
        0.055408002376048225,
        0.02391618276265286,
        0.00906285205513272
      ]
    ],
    "clamp": [
      [
        0.005311628975225445,
        0.056996047664486425,
        0.08872312462693137,
        0.11686950603601191,
        0.14242961423266687,
        0.16855236748038369,
        0.19435578725070332,
        0.21921754397504067,
        0.2450976364773505,
        0.27336225349507676,
        0.30683542622788273,
        0.35191454233353375,
        0.42062462816229984,
        0.5278722102496196,
        0.8255750348686037,
        0.8958446171302468,
        0.9169898236267142,
        0.9406454856432556,
        0.9656818720840197,
        1.0
      ],
      [
        0.007843456106039036,
        0.010874210660126789,
        0.013201768034939672,
        0.014459719968700931,
        0.016457385213345988,
        0.01821641943138906,
        0.020433428013318024,
        0.023214072113602796,
        0.027197503572509565,
        0.03127367934232814,
        0.036320686185248474,
        0.04341731555732793,
        0.055477422741655,
        0.09093497697042624,
        0.21934737277052163,
        0.1268450492911834,
        0.08877206830189327,
        0.05550419773092597,
        0.02859748393991969,
        0.00762719917049637
      ]
    ]
  },
  "decision_cutoff_logit": -0.9093944233823675,
  "decision_cutoff_lift": 1.0860187479626846
}