{
  "mode": "slow",
  "descriptor_types": [
    "chemeleon"
  ],
  "n_compounds": 1070,
  "n_actives": 107,
  "ratio_actives": 0.1,
  "population_prior": 0.1,
  "portfolio": [
    "lr",
    "xgb",
    "rf",
    "svc"
  ],
  "num_batches": {
    "chemeleon": 1
  },
  "decision_cutoff_raw": 0.17893512355513425,
  "decision_cutoff_proba": 0.05962133350470414,
  "decision_cutoff_rank": 0.8828344246959776,
  "oof_aucs": {
    "chemeleon": 0.9968459157034579
  },
  "proxy_aucs": {
    "chemeleon": 0.9976902398074553
  },
  "train_aucs": {
    "chemeleon": 1.0
  },
  "quality_aucs": {
    "chemeleon": 0.9936918314069159
  },
  "active_descriptors": {
    "chemeleon": true
  },
  "ad_hard_cutoffs": {
    "chemeleon": 0.052250005304813385
  },
  "rank_error_curves": {
    "chemeleon": [
      [
        0.14605709743032952,
        0.2053745509631615,
        0.23676689344054896,
        0.2663894655129023,
        0.29142144240535495,
        0.3146533684440868,
        0.3336769662707889,
        0.3560728152357133,
        0.3870050777064843,
        0.417032109460925,
        0.4399505352652089,
        0.47198676847194887,
        0.5054132619863108,
        0.5342713740285208,
        0.5728985513207705,
        0.6355883177885265,
        0.7191057032887247,
        0.8910449963224499,
        0.9681763277591051,
        0.9975011396045761
      ],
      [
        0.010673753617030931,
        0.011099173441200332,
        0.011333640322907018,
        0.011637021819823005,
        0.011925504861084903,
        0.012175843046585389,
        0.012269820695060402,
        0.0127478285309452,
        0.013108737068830544,
        0.013549965697801716,
        0.013237090293877027,
        0.014595080392881047,
        0.014886067582937763,
        0.015082283137195908,
        0.015403244783218115,
        0.01666460420747089,
        0.0180082588247069,
        0.13810249221010765,
        0.13296604819368305,
        0.12449572328119173
      ]
    ]
  },
  "decision_cutoff_logit": -2.758269176110074,
  "decision_cutoff_lift": 0.5962133350470413
}