{
    "portfolio": [
        "xgb",
        "rf"
    ],
    "max_batch_size": 100000,
    "max_imbalance_ratio": 100,
    "num_batches": 5,
    "population_prior": 0.0021325977592534084,
    "batch_priors": [
        0.010572766841875386,
        0.010572766841875386,
        0.010572766841875386,
        0.010572766841875386,
        0.01057292607988433
    ],
    "decision_cutoff_raw": 0.0383634907323928,
    "decision_cutoff_proba": 0.013820528767527873,
    "decision_cutoff_rank": 0.958970921532379,
    "decision_cutoff_logit": -4.267683278900307,
    "decision_cutoff_lift": 6.480607375469737
}