{
    "portfolio": [
        "xgb",
        "rf"
    ],
    "max_batch_size": 100000,
    "max_imbalance_ratio": 100,
    "num_batches": 1,
    "population_prior": 0.2129789864029666,
    "batch_priors": [
        0.2129789864029666
    ],
    "decision_cutoff_raw": 0.19582678790763017,
    "decision_cutoff_proba": 0.22262536912218442,
    "decision_cutoff_rank": 0.680677463221659,
    "decision_cutoff_logit": -1.2504319849393049,
    "decision_cutoff_lift": 1.045292650144209
}