{
    "portfolio": [
        "lr",
        "xgb",
        "rf",
        "svc"
    ],
    "max_batch_size": 100000,
    "max_imbalance_ratio": 100,
    "num_batches": 1,
    "population_prior": 0.1,
    "batch_priors": [
        0.1
    ],
    "decision_cutoff_raw": 0.22815758030156152,
    "decision_cutoff_proba": 0.05439964196811495,
    "decision_cutoff_rank": 0.8979591836734694,
    "decision_cutoff_logit": -2.855462452909318,
    "decision_cutoff_lift": 0.5439964196811494
}