{
  "mode": "slow",
  "descriptor_types": [
    "chemeleon",
    "clamp",
    "morgan"
  ],
  "n_compounds": 610,
  "n_actives": 61,
  "ratio_actives": 0.1,
  "population_prior": 0.1,
  "portfolio": [
    "lr",
    "xgb",
    "rf",
    "svc"
  ],
  "num_batches": {
    "chemeleon": 1,
    "clamp": 1,
    "morgan": 1
  },
  "decision_cutoff_raw": 0.25434171720753357,
  "decision_cutoff_proba": 0.09429671142053198,
  "decision_cutoff_rank": 0.8484207196324541,
  "oof_aucs": {
    "chemeleon": 0.9682880945982262,
    "clamp": 0.9777837498880229,
    "morgan": 0.9710949864134492
  },
  "proxy_aucs": {
    "chemeleon": 0.9677506046761623,
    "clamp": 0.9742602048433813,
    "morgan": 0.9680193496371943
  },
  "train_aucs": {
    "chemeleon": 1.0,
    "clamp": 1.0,
    "morgan": 1.0
  },
  "quality_aucs": {
    "chemeleon": 0.9365761891964524,
    "clamp": 0.9555674997760457,
    "morgan": 0.9421899728268983
  },
  "active_descriptors": {
    "chemeleon": true,
    "clamp": true,
    "morgan": true
  },
  "ad_hard_cutoffs": {
    "chemeleon": 0.052250005304813385,
    "clamp": 0.052250005304813385,
    "morgan": 0.052250005304813385
  },
  "rank_error_curves": {
    "chemeleon": [
      [
        0.1490662111031998,
        0.2164640322537568,
        0.2556032234532553,
        0.2878883929591681,
        0.30849410998627946,
        0.3352778745421944,
        0.3606695715983667,
        0.37873564454467107,
        0.404158110102785,
        0.42682770080090293,
        0.4545539907940352,
        0.48661435810128856,
        0.5156572602966525,
        0.5479732693802548,
        0.5864197765543665,
        0.6354198004811766,
        0.7532123690488748,
        0.8900619079699729,
        0.975712573460951,
        0.9968218523821194
      ],
      [
        0.028296812770867288,
        0.02913611415262121,
        0.030977199320892632,
        0.032317448123209275,
        0.03190711570901164,
        0.03816717635952221,
        0.034481296824573154,
        0.035318954171012974,
        0.04114725235706912,
        0.04215908814707675,
        0.03828072923400084,
        0.040711570627502996,
        0.0468724963571681,
        0.04666883685815475,
        0.04662080712245697,
        0.05481208025938502,
        0.09178685219080937,
        0.29757677293208085,
        0.2782822258572524,
        0.21347584377703102
      ]
    ],
    "clamp": [
      [
        0.023385648789039905,
        0.07489272485821175,
        0.10545169700635455,
        0.1322349910196296,
        0.16807093704546716,
        0.20337582414913147,
        0.23747316862156012,
        0.27562922461747186,
        0.3056458824211932,
        0.35105379151064253,
        0.38057835144626095,
        0.4191859487714298,
        0.4652529508851606,
        0.5126502664207568,
        0.5514663878528909,
        0.6097446128604223,
        0.686524899412875,
        0.8895522322349021,
        0.9736886251435327,
        0.9983152436197817
      ],
      [
        0.026188065886858628,
        0.027466239235124052,
        0.028072907441266143,
        0.028717941520634702,
        0.028994220643082606,
        0.029536076464913973,
        0.030058327525727128,
        0.030748530256204408,
        0.030958817719982195,
        0.032317184261252616,
        0.03292798157899983,
        0.0334418593988946,
        0.034841047415735245,
        0.036018615581015885,
        0.03862789414511017,
        0.05006772677435944,
        0.05934177155651638,
        0.2871551611911244,
        0.261074703574671,
        0.2184050834542786
      ]
    ],
    "morgan": [
      [
        0.17141205150814653,
        0.2205567003661998,
        0.26490535428405704,
        0.2788027271059293,
        0.3015328448513557,
        0.32503579488377365,
        0.3438602262526552,
        0.3602906491740993,
        0.37721109677178766,
        0.39310603557975105,
        0.416901868857138,
        0.43930914528710796,
        0.46446750340833964,
        0.48615458388455135,
        0.521543671519109,
        0.5787567726625003,
        0.6513534959507681,
        0.9098255009611277,
        0.9709481895703784,
        0.9900121685960913
      ],
      [
        0.027608084560045962,
        0.028184494870688127,
        0.02895537460025785,
        0.02925836061500042,
        0.029580465085427363,
        0.029686590474990143,
        0.030005045981025897,
        0.030182882969295083,
        0.03039202850663074,
        0.030589023064383946,
        0.032115161261940105,
        0.031515495223421126,
        0.03141597409866488,
        0.032194007833063996,
        0.03301884526683186,
        0.03578833960848425,
        0.08532483231378422,
        0.30451177338281554,
        0.27805537926570867,
        0.24785424207781542
      ]
    ]
  },
  "decision_cutoff_logit": -2.262265440913239,
  "decision_cutoff_lift": 0.9429671142053198
}