{
    "portfolio": [
        "lr",
        "xgb",
        "rf",
        "svc"
    ],
    "max_batch_size": 100000,
    "max_imbalance_ratio": 100,
    "num_batches": 1,
    "population_prior": 0.1,
    "batch_priors": [
        0.1
    ],
    "decision_cutoff_raw": 0.4862192187990906,
    "decision_cutoff_proba": 0.18196373663759507,
    "decision_cutoff_rank": 0.8515677118078719,
    "decision_cutoff_logit": -1.5030992493789614,
    "decision_cutoff_lift": 1.8196373663759506
}