{
  "n_components": 45,
  "n_features_in": 2048,
  "n_cal_knots": 200,
  "cal_min": 2.6767640113830566,
  "cal_max": 43.45962905883789,
  "scaler": "standard"
}