{
    "portfolio": [
        "xgb",
        "rf"
    ],
    "max_batch_size": 100000,
    "max_imbalance_ratio": 100,
    "num_batches": 1,
    "population_prior": 0.26438196713972334,
    "batch_priors": [
        0.26438196713972334
    ],
    "decision_cutoff_raw": 0.18617566483396866,
    "decision_cutoff_proba": 0.30478983347186794,
    "decision_cutoff_rank": 0.6893082167041318,
    "decision_cutoff_logit": -0.8245917292288527,
    "decision_cutoff_lift": 1.1528389654154794
}