{
  "task": "classification",
  "format": "onnx",
  "preset_name": "default",
  "use_linear": false,
  "n_features_in": 768,
  "classes": [
    0,
    1
  ],
  "params": {
    "C": 1.0,
    "kernel": "rbf",
    "gamma": "scale",
    "class_weight": "balanced",
    "max_iter": 3050,
    "tol": 0.001,
    "random_state": 42,
    "use_linear": false
  },
  "profile": {
    "n_samples": 610,
    "n_features": 768,
    "n_p_ratio": 0.7942708333333334,
    "sparsity": 0.0,
    "is_sparse_counts": false,
    "binary_feature_fraction": 0.0,
    "feature_signal_strength": 0.09771418541318622,
    "feature_signal_p90": 0.1947349755515492,
    "task": "classification",
    "imbalance_ratio": 9.0,
    "y_skewness": 0.0,
    "y_all_positive": false
  },
  "portfolio_scores": {
    "heuristic": 0.9614814814814814,
    "default": 0.9619753086419753,
    "linear": 0.9575308641975309,
    "balanced_rbf": 0.9679012345679012
  },
  "decision_cutoff_raw": 0.44126483145274825,
  "decision_cutoff_raw_source": "oof_balanced_accuracy",
  "decision_cutoff_proba": 0.14586178836925642,
  "decision_cutoff_rank": 0.8653530377668308,
  "decision_cutoff_logit": -1.7674335026684587,
  "calibrator": {
    "method": "platt",
    "coef": 7.463595542349346,
    "intercept": -5.060855731694726
  },
  "ranker": {
    "knots": [
      0.15282977315308763,
      0.1537887168192811,
      0.15577454865028476,
      0.15774597542307164,
      0.16398876814774513,
      0.16807218100530677,
      0.17042550670182863,
      0.17224505026050355,
      0.17427837923620582,
      0.1743443884608073,
      0.17536005305203523,
      0.17610891550414115,
      0.17626687454669318,
      0.1766008952301489,
      0.1774413784056462,
      0.18159147437006595,
      0.18265566413685727,
      0.18300968073597176,
      0.18315667393451346,
      0.1851165611547903,
      0.18560327428825799,
      0.18619316849812964,
      0.18665930829280467,
      0.18730791760218032,
      0.18811428963098875,
      0.18849576260258244,
      0.1916871348224382,
      0.19210749570249705,
      0.19239424785695955,
      0.19271226393374175,
      0.1929395534746124,
      0.19296453098131994,
      0.1930896362406566,
      0.1935406787842629,
      0.1939635954466493,
      0.1944934877255346,
      0.1955387203129232,
      0.19739148416504265,
      0.1975547479235501,
      0.1976789869567487,
      0.19819768654714967,
      0.19821714293790715,
      0.1985621200068136,
      0.2000762950903823,
      0.2000927931391564,
      0.20010371544577224,
      0.2002911699732431,
      0.2006125112574588,
      0.2007940967023087,
      0.20109242889551465,
      0.2012079656997344,
      0.2013007305335598,
      0.20263998502590366,
      0.20271905809002067,
      0.2029073740691155,
      0.2031073072986285,
      0.20348580262216712,
      0.20434238327721704,
      0.2045238813006,
      0.2045314779004231,
      0.20486115603434227,
      0.20531679798115895,
      0.2053648848245189,
      0.2054329848326064,
      0.20572949123069378,
      0.20667395138376188,
      0.20667759946747982,
      0.20711791360487264,
      0.2079335749092434,
      0.20813823574808432,
      0.20816969946764388,
      0.2083890395364957,
      0.2084557948814459,
      0.20846729663138486,
      0.20851050988334574,
      0.20873447311432144,
      0.2088683880202174,
      0.20901587913017056,
      0.20904636368544036,
      0.21041405139102748,
      0.21057401043231624,
      0.21066668045688075,
      0.21077665162144857,
      0.2108990143514477,
      0.21124055918515636,
      0.2112657569492189,
      0.21126595064330733,
      0.2115345868111301,
      0.21157033198173075,
      0.21161718810001418,
      0.21263238778279153,
      0.21263793546313706,
      0.21334590437267822,
      0.21345046974599882,
      0.21365251848179861,
      0.21368948008938254,
      0.21379737054166803,
      0.2138893724364552,
      0.2139012452189237,
      0.2139116951035259,
      0.21392643583409204,
      0.21405156954462287,
      0.21412757725363685,
      0.21439706128804242,
      0.2144906970002285,
      0.21461582191623024,
      0.21524407838435142,
      0.21545473263243173,
      0.21551590572057575,
      0.21564834513704292,
      0.2157906149429672,
      0.21621260574122558,
      0.21684403395114946,
      0.21685184640026522,
      0.21700068613449358,
      0.21704418000342848,
      0.21731384071573753,
      0.2173962892711991,
      0.21752065716350627,
      0.2177114315052482,
      0.21782231002852415,
      0.21787166198328745,
      0.21800620468863724,
      0.21811737074093016,
      0.21830263850138137,
      0.21905208355533032,
      0.21908186500614887,
      0.21923940460231633,
      0.2195527891845467,
      0.21956857311056002,
      0.2195749662725283,
      0.22043909741412998,
      0.2207706432966959,
      0.2208723874649887,
      0.2208736994377834,
      0.22093252819394082,
      0.22103082890198977,
      0.2219897333906415,
      0.2224181957030983,
      0.222447124252853,
      0.22259293263724586,
      0.222734711939523,
      0.2227789439782028,
      0.22332307092421885,
      0.22335288806954226,
      0.22343908138454857,
      0.22348077122478227,
      0.2236792678621011,
      0.22470953285402231,
      0.22496909253044173,
      0.22500492696052043,
      0.22506179253243,
      0.22626276125374692,
      0.22635541040033152,
      0.22646159356975396,
      0.2266469700101112,
      0.22666122351604234,
      0.2269761192526824,
      0.2272351873251058,
      0.22745008372050135,
      0.22747652544919048,
      0.22801536306880768,
      0.22831372209337844,
      0.22845650764601852,
      0.22847603056030769,
      0.22883370142817652,
      0.22909725270920686,
      0.22931642226411478,
      0.22937299323008822,
      0.22967101429542622,
      0.22975965660499068,
      0.22984865628950285,
      0.23009422013582329,
      0.23018060547014285,
      0.23051575142992775,
      0.23075665197034406,
      0.23086288412006103,
      0.23114838952952438,
      0.23137190958938925,
      0.23140095739217398,
      0.23147708781889792,
      0.23153570438156149,
      0.23160603587231382,
      0.23167983627222338,
      0.23186514419861012,
      0.23194716268956336,
      0.2324649898710967,
      0.23272858395372734,
      0.2331341174381526,
      0.23418741161535986,
      0.23461399630085983,
      0.23481149296947523,
      0.23618722785793286,
      0.2363460972634474,
      0.2364071188807611,
      0.2364195191082261,
      0.23702142775820867,
      0.23703218480443508,
      0.23711999858333216,
      0.23720189282337836,
      0.23747249831392372,
      0.2381456868147487,
      0.2384621798137248,
      0.23847026497111287,
      0.2385327018231823,
      0.2389132622521246,
      0.2392089467539411,
      0.23929104419625497,
      0.23985057332734222,
      0.23986613619707464,
      0.24013733486133926,
      0.24020512251176449,
      0.24040109019505088,
      0.24049535590851293,
      0.24055663908713276,
      0.2408610335423168,
      0.24116024289860924,
      0.24133094148560663,
      0.24137542887959956,
      0.2417376537736442,
      0.2421144964967656,
      0.24228743129850872,
      0.242301104494308,
      0.24266651435253958,
      0.2426733522449783,
      0.24294467464391636,
      0.24346068462817833,
      0.24407079790935912,
      0.24454308296392885,
      0.2446893163549577,
      0.24492904887167788,
      0.24529040677490047,
      0.2453189689008269,
      0.24542306539637335,
      0.24605039178686083,
      0.24677095163894092,
      0.2468667372222784,
      0.24703228246757156,
      0.2471992884229393,
      0.24742455012928158,
      0.2476194853287735,
      0.24784368704250087,
      0.248338207498565,
      0.2483736812575534,
      0.24873066181149509,
      0.2494415626846437,
      0.24945901033805726,
      0.24963478047368837,
      0.24974142298635055,
      0.2501034728024767,
      0.2509267151042452,
