{
  "task": "classification",
  "format": "onnx",
  "preset_name": "default",
  "best_iteration": 99,
  "params": {
    "tree_method": "hist",
    "device": "cpu",
    "learning_rate": 0.3,
    "max_depth": 6,
    "min_child_weight": 1,
    "subsample": 1.0,
    "colsample_bytree": 1.0,
    "reg_alpha": 0.0,
    "reg_lambda": 1.0,
    "max_bin": 256,
    "n_estimators": 2000,
    "early_stopping_rounds": 50,
    "nthread": 64,
    "objective": "binary:logistic",
    "scale_pos_weight": 9.0,
    "eval_metric": "auc"
  },
  "profile": {
    "n_samples": 610,
    "n_features": 768,
    "n_p_ratio": 0.7942708333333334,
    "sparsity": 0.0,
    "is_sparse_counts": false,
    "binary_feature_fraction": 0.0,
    "feature_signal_strength": 0.09771418541318622,
    "feature_signal_p90": 0.1947349755515492,
    "task": "classification",
    "imbalance_ratio": 9.0,
    "y_skewness": 0.0,
    "y_all_positive": false
  },
  "portfolio_scores": {
    "flaml": NaN,
    "autogluon": NaN,
    "heuristic": 0.9878189300411524,
    "default": 0.9796707818930042
  },
  "decision_cutoff_raw": 0.0878167599439621,
  "decision_cutoff_raw_source": "oof_balanced_accuracy",
  "decision_cutoff_proba": 0.050583654626138494,
  "decision_cutoff_rank": 0.8686371100164203,
  "decision_cutoff_logit": -2.9322189294956575,
  "calibrator": {
    "method": "platt",
    "coef": 4.870589166147319,
    "intercept": -3.3599382890848792
  },
  "ranker": {
    "knots": [
      5.310403503244743e-05,
      7.075090979924425e-05,
      7.204010034911335e-05,
      7.52124105929397e-05,
      8.070285548456013e-05,
      8.236643770942464e-05,
      9.068177314475179e-05,
      9.071965178009123e-05,
      9.278688958147541e-05,
      0.00010314380779163912,
      0.00010412988922325894,
      0.00010452404239913449,
      0.00010458785254741088,
      0.00010687645408324897,
      0.00010744091559899971,
      0.00010778436990221962,
      0.00010810758249135688,
      0.00011089209147030488,
      0.00011148487828904763,
      0.00011157655535498634,
      0.00011191935482202098,
      0.00011360794451320544,
      0.00011706705117831007,
      0.00011801976506831124,
      0.00012123387568863109,
      0.00012126856745453551,
      0.00012142929335823283,
      0.00012580353359226137,
      0.00013252811913844198,
      0.0001332943793386221,
      0.00013621014659292996,
      0.00013938319170847535,
      0.00013963141827844083,
      0.00014009953883942217,
      0.00014061506954021752,
      0.00014158648264128715,
      0.0001449609117116779,
      0.0001480551582062617,
      0.000150354637298733,
      0.0001519591169198975,
      0.00015469550271518528,
      0.0001554419141029939,
      0.00015893796808086336,
      0.00015919064753688872,
      0.0001619716640561819,
      0.00016251140914391726,
      0.00016488422988913953,
      0.00016579609655309469,
      0.00016685121227055788,
      0.000167785634403117,
      0.00016792216047178954,
      0.00017027425928972661,
      0.00017953071801457554,
      0.00018201066995970905,
      0.00018533739785198122,
      0.00018798408564180136,
      0.00019058444013353437,
      0.00019377107673790306,
      0.00019410041568335146,
      0.00019744900055229664,
      0.00019795815751422197,
      0.00019799401343334466,
      0.00019811393576674163,
      0.00019925151718780398,
      0.00019941554637625813,
      0.00020205140754114836,
      0.0002031794429058209,
      0.0002055341610684991,
      0.00020664047042373568,
      0.00020819927158299834,
      0.00020822051737923175,
      0.0002111560752382502,
      0.00021497707348316908,
      0.00021772350009996444,
      0.00021848169853910804,
      0.00021944685431662947,
      0.00021966182976029813,
      0.0002197622088715434,
      0.00021995148563291878,
      0.00022252282360568643,
      0.00022304494632408023,
      0.0002247735537821427,
      0.0002257361775264144,
      0.0002263355127070099,
      0.00022718736727256328,
      0.00022845156490802765,
      0.00023024225083645433,
      0.000231420825002715,
      0.00023158901603892446,
      0.00023265731579158455,
      0.00023489381419494748,
      0.00023887582938186824,
      0.00023968733148649335,
      0.00023981166305020452,
      0.00024113689141813666,
      0.00024331752501893789,
      0.00024396865046583116,
      0.00024545908672735095,
      0.00024790229508653283,
      0.00024905838654376566,
      0.00025074149016290903,
      0.0002512088103685528,
      0.0002534111263230443,
      0.000253416714258492,
      0.0002541450085118413,
      0.00025711156195029616,
      0.00025776642723940313,
      0.0002631324459798634,
      0.0002691422705538571,
      0.00027497587143443525,
      0.00027590105310082436,
      0.00028092251159250736,
      0.0002821723173838109,
      0.0002824635594151914,
      0.0002847665164154023,
      0.0002856421051546931,
      0.0002894024655688554,
      0.0002908715687226504,
      0.0002934181538876146,
      0.00029394455486908555,
      0.0002942440041806549,
      0.0002949824556708336,
      0.00029540626564994454,
      0.0002974078815896064,
      0.00029769467073492706,
      0.00029822305077686906,
      0.0003038603172171861,
      0.00030649808468297124,
      0.0003066357458010316,
      0.00030980753945186734,
      0.00031316917738877237,
      0.00031355099054053426,
      0.0003142554487567395,
      0.0003157419851049781,
      0.0003191889845766127,
      0.0003199439379386604,
      0.0003214451135136187,
      0.00032149231992661953,
      0.00032917558564804494,
      0.000329293921822682,
      0.00032975198701024055,
      0.00033017664100043476,
      0.0003315487701911479,
      0.00033364881528541446,
      0.00033452946809120476,
      0.0003353482170496136,
      0.0003356757515575737,
      0.00033588381484150887,
      0.0003364838194102049,
      0.00034041149774566293,
      0.00034143400262109935,
      0.00034364822204224765,
      0.00034399519790895283,
      0.0003459661966189742,
      0.000346201442880556,
      0.0003480974701233208,
      0.0003507210058160126,
      0.000352484144968912,
      0.00035640274290926754,
      0.0003574044385459274,
      0.0003592422872316092,
      0.0003717913932632655,
      0.0003719376400113106,
      0.00037318890099413693,
      0.000373824848793447,
      0.0003745641733985394,
      0.00037869674270041287,
      0.00038546157884411514,
      0.0003871835069730878,
      0.0003875182301271707,
      0.0003899260191246867,
      0.0003928845399059355,
      0.00039517454570159316,
      0.00039555240073241293,
      0.0004031001590192318,
      0.0004085193504579365,
      0.0004101979429833591,
      0.000410427717724815,
      0.0004146286519244313,
      0.00041537871584296227,
      0.0004182098200544715,
      0.00042106257751584053,
      0.00042901659617200494,
      0.0004291337972972542,
      0.0004294374375604093,
      0.000429490435635671,
      0.0004325956106185913,
      0.00043414102401584387,
      0.0004347906506154686,
      0.000437062670243904,
      0.00044088606955483556,
      0.0004432262503542006,
      0.0004440572520252317,
      0.000444780191173777,
      0.0004473986045923084,
      0.00044771129614673555,
      0.000447879487182945,
      0.0004481109790503979,
      0.0004486503603402525,
      0.0004524184623733163,
      0.0004594732017721981,
      0.0004641825216822326,
      0.00046701767132617533,
      0.00046980963088572025,
      0.0004717622068710625,
      0.00047331576934084296,
      0.0004740278236567974,
      0.00047781012835912406,
      0.00048214930575340986,
      0.0004910564748570323,
      0.0004936332115903497,
      0.0004942264640703797,
      0.0005011673783883452,
      0.0005020600510761142,
      0.000503653078339994,
      0.0005111331702210009,
      0.0005156071274541318,
      0.0005174633115530014,
      0.0005176793783903122,
      0.0005182471359148622,
      0.0005209230002947152,
      0.0005233100964687765,
