{
    "portfolio": [
        "lr",
        "xgb",
        "rf",
        "svc"
    ],
    "max_batch_size": 100000,
    "max_imbalance_ratio": 100,
    "num_batches": 1,
    "population_prior": 0.035256410256410256,
    "batch_priors": [
        0.035256410256410256
    ],
    "decision_cutoff_raw": 0.22964082406707015,
    "decision_cutoff_proba": 0.0427657666830826,
    "decision_cutoff_rank": 0.9126135756280063,
    "decision_cutoff_logit": -3.108310180722762,
    "decision_cutoff_lift": 1.2129926550110701
}