{
  "n_components": 14,
  "n_features_in": 217,
  "n_cal_knots": 200,
  "cal_min": 1.1630061864852905,
  "cal_max": 17.538793563842773,
  "scaler": "standard"
}