{
    "portfolio": [
        "lr",
        "xgb",
        "rf",
        "svc"
    ],
    "max_batch_size": 100000,
    "max_imbalance_ratio": 100,
    "num_batches": 1,
    "population_prior": 0.1,
    "batch_priors": [
        0.1
    ],
    "decision_cutoff_raw": 0.155260669107797,
    "decision_cutoff_proba": 0.056377628585049216,
    "decision_cutoff_rank": 0.830193756727664,
    "decision_cutoff_logit": -2.8176536323096277,
    "decision_cutoff_lift": 0.5637762858504921
}