{
  "n_components": 27,
  "n_features_in": 768,
  "n_cal_knots": 200,
  "cal_min": 3.02458119392395,
  "cal_max": 9.641514778137207,
  "scaler": "standard"
}