{
  "n_components": 27,
  "n_features_in": 768,
  "n_cal_knots": 200,
  "cal_min": 2.2203876972198486,
  "cal_max": 11.647031784057617,
  "scaler": "standard"
}