{
  "n_components": 45,
  "n_features_in": 2048,
  "n_cal_knots": 200,
  "cal_min": 3.1619770526885986,
  "cal_max": 30.475034713745117,
  "scaler": "standard"
}