{
    "portfolio": [
        "lr",
        "xgb",
        "rf",
        "svc"
    ],
    "max_batch_size": 100000,
    "max_imbalance_ratio": 100,
    "num_batches": 1,
    "population_prior": 0.1,
    "batch_priors": [
        0.1
    ],
    "decision_cutoff_raw": 0.3725359421080964,
    "decision_cutoff_proba": 0.25327200183961757,
    "decision_cutoff_rank": 0.892672858617131,
    "decision_cutoff_logit": -1.0812369759007023,
    "decision_cutoff_lift": 2.5327200183961756
}