{
    "portfolio": [
        "xgb",
        "rf"
    ],
    "max_batch_size": 100000,
    "max_imbalance_ratio": 100,
    "num_batches": 1,
    "population_prior": 0.06654821515102569,
    "batch_priors": [
        0.06654821515102569
    ],
    "decision_cutoff_raw": 0.06244283928756204,
    "decision_cutoff_proba": 0.037031733867791856,
    "decision_cutoff_rank": 0.8489499192245558,
    "decision_cutoff_logit": -3.258245240965263,
    "decision_cutoff_lift": 0.5564647193580082
}