{
    "portfolio": [
        "lr",
        "xgb",
        "rf",
        "svc"
    ],
    "max_batch_size": 100000,
    "max_imbalance_ratio": 100,
    "num_batches": 1,
    "population_prior": 0.1,
    "batch_priors": [
        0.1
    ],
    "decision_cutoff_raw": 0.2405909693629088,
    "decision_cutoff_proba": 0.11051141869142744,
    "decision_cutoff_rank": 0.8788395904436861,
    "decision_cutoff_logit": -2.0855278176282575,
    "decision_cutoff_lift": 1.1051141869142744
}