{
    "portfolio": [
        "lr",
        "xgb",
        "rf",
        "svc"
    ],
    "max_batch_size": 100000,
    "max_imbalance_ratio": 100,
    "num_batches": 1,
    "population_prior": 0.035256410256410256,
    "batch_priors": [
        0.035256410256410256
    ],
    "decision_cutoff_raw": 0.09346074026571942,
    "decision_cutoff_proba": 0.028159373413517846,
    "decision_cutoff_rank": 0.9135489043292357,
    "decision_cutoff_logit": -3.5413115464977367,
    "decision_cutoff_lift": 0.7987022277288698
}