{
  "n_components": 45,
  "n_features_in": 2048,
  "n_cal_knots": 200,
  "cal_min": 3.050956964492798,
  "cal_max": 27.344345092773438,
  "scaler": "standard"
}