{
  "mode": "slow",
  "descriptor_types": [
    "chemeleon",
    "morgan",
    "clamp"
  ],
  "n_compounds": 650,
  "n_actives": 279,
  "ratio_actives": 0.42923076923076925,
  "population_prior": 0.42923076923076925,
  "portfolio": [
    "lr",
    "xgb",
    "rf",
    "svc"
  ],
  "num_batches": {
    "chemeleon": 1,
    "morgan": 1,
    "clamp": 1
  },
  "decision_cutoff_raw": 0.5445019057082212,
  "decision_cutoff_proba": 0.5360841454999989,
  "decision_cutoff_rank": 0.6059322033898306,
  "oof_aucs": {
    "chemeleon": 0.9278516843945938,
    "morgan": 0.9382855597097837,
    "clamp": 0.9317547266421278
  },
  "proxy_aucs": {
    "chemeleon": 0.9097083345409578,
    "morgan": 0.904505888376856,
    "clamp": 0.903863432165319
  },
  "train_aucs": {
    "chemeleon": 1.0,
    "morgan": 1.0,
    "clamp": 0.9999903390043378
  },
  "quality_aucs": {
    "chemeleon": 0.8557033687891875,
    "morgan": 0.8765711194195673,
    "clamp": 0.8635191142799178
  },
  "active_descriptors": {
    "chemeleon": true,
    "morgan": true,
    "clamp": true
  },
  "ad_hard_cutoffs": {
    "chemeleon": 0.052250005304813385,
    "morgan": 0.052250005304813385,
    "clamp": 0.052250005304813385
  },
  "rank_error_curves": {
    "chemeleon": [
      [
        0.022463289386322083,
        0.07991518561541083,
        0.10925722134330074,
        0.13627581107242187,
        0.15726668456547127,
        0.1837621780276132,
        0.21142578092847603,
        0.23089058262881756,
        0.26635424349232,
        0.3131743212928284,
        0.3516588599643313,
        0.6574260741544271,
        0.7211073983280175,
        0.7578478439239943,
        0.7994952670003549,
        0.8278856070820153,
        0.8558790461160608,
        0.8967874241309639,
        0.936737723813077,
        0.9779494025585331
      ],
      [
        0.08202534486703546,
        0.08835441882379122,
        0.08977140470924803,
        0.09291515807264081,
        0.09535277841347214,
        0.09878400438906254,
        0.10139859823028878,
        0.10488744042269561,
        0.11540346538501763,
        0.12221588600221966,
        0.13778584536028812,
        0.2968473759513304,
        0.2106721998897293,
        0.1435695546838414,
        0.11310679898666694,
        0.10259102055875978,
        0.09696588318749048,
        0.08894645459774127,
        0.08340834718082471,
        0.07931540150028381
      ]
    ],
    "morgan": [
      [
        0.032795384872839645,
        0.09918694889751067,
        0.1348177656402496,
        0.17050765078998809,
        0.20839605215919427,
        0.23891368332550747,
        0.2762376615690776,
        0.30162164918377277,
        0.34337071989724594,
        0.39272484667852264,
        0.4585345706349515,
        0.6312060596777336,
        0.6909512165201274,
        0.7307908941442823,
        0.7746436692662042,
        0.8186264012164325,
        0.8655870470655982,
        0.8861779597107964,
        0.9279625766901283,
        0.9668788032420548
      ],
      [
        0.0727865184457706,
        0.0753934934259348,
        0.07898240746971845,
        0.08559907095348548,
        0.09487121054894622,
        0.09762393612794165,
        0.10557623706054593,
        0.11441392287568077,
        0.12194434003676505,
        0.14349453641949422,
        0.19030565718012835,
        0.3358357474305038,
        0.208116174071568,
        0.14808587514148602,
        0.12213248879088244,
        0.10945251632734508,
        0.09821073761293002,
        0.08891517061342681,
        0.07851114982957742,
        0.07443645933437484
      ]
    ],
    "clamp": [
      [
        0.024040821212453014,
        0.06377340639598465,
        0.082133310764504,
        0.1094834289589284,
        0.13499693802505242,
        0.1637970475409486,
        0.19318631868690814,
        0.22538177357815117,
        0.25127179929093013,
        0.2946041487728957,
        0.3387309004395028,
        0.5947547186229236,
        0.7189143747201094,
        0.7654078463253963,
        0.8130502663347092,
        0.840919010895617,
        0.8735361447870693,
        0.9189749309684611,
        0.9665081525027184,
        1.0
      ],
      [
        0.0710542888437626,
        0.07670277162960167,
        0.08138364930736355,
        0.08559978078176832,
        0.09227968957348763,
        0.09773258843492204,
        0.10479116004973307,
        0.11888144480924365,
        0.13399133298467172,
        0.14992748048849436,
        0.19358622182343338,
        0.33597611824484735,
        0.23666959929906506,
        0.15552673391593952,
        0.12755063002815228,
        0.11103800288443579,
        0.09906577815888168,
        0.08556547533027056,
        0.07070852059679125,
        0.06532339481503092
      ]
    ]
  },
  "decision_cutoff_logit": 0.14458794890226273,
  "decision_cutoff_lift": 1.2489415576164848
}