{
  "mode": "slow",
  "descriptor_types": [
    "chemeleon"
  ],
  "n_compounds": 800,
  "n_actives": 80,
  "ratio_actives": 0.1,
  "population_prior": 0.1,
  "portfolio": [
    "lr",
    "xgb",
    "rf",
    "svc"
  ],
  "num_batches": {
    "chemeleon": 1
  },
  "decision_cutoff_raw": 0.17656006524319548,
  "decision_cutoff_proba": 0.04925961011541712,
  "decision_cutoff_rank": 0.8335419274092616,
  "oof_aucs": {
    "chemeleon": 0.9742708333333333
  },
  "proxy_aucs": {
    "chemeleon": 0.9848784722222224
  },
  "train_aucs": {
    "chemeleon": 1.0
  },
  "quality_aucs": {
    "chemeleon": 0.9485416666666666
  },
  "active_descriptors": {
    "chemeleon": true
  },
  "ad_hard_cutoffs": {
    "chemeleon": 0.05000000074505806
  },
  "rank_error_curves": {
    "chemeleon": [
      [
        0.11828224703655033,
        0.20584651345962376,
        0.23309327069603064,
        0.250761387586031,
        0.268535425755776,
        0.29008877458307614,
        0.30502729710890414,
        0.3231400438054874,
        0.34137094820024655,
        0.3601344346157137,
        0.379581924130324,
        0.4062003981513552,
        0.4313166625801039,
        0.45989573056422534,
        0.4883677262696848,
        0.5348580657735631,
        0.6121086160922048,
        0.7300275167025734,
        0.9591412358043335,
        0.9888132248812191
      ],
      [
        0.017988633974859287,
        0.018648061153265724,
        0.01905319301424345,
        0.019341235175145646,
        0.01942446034414186,
        0.01950807184116503,
        0.019469908200543864,
        0.01974411633986963,
        0.019557521424923004,
        0.019712812723473926,
        0.01955422716192945,
        0.01964845458967284,
        0.019952106829112803,
        0.02035817805276351,
        0.020920549943109847,
        0.02063927515604023,
        0.021548787472286075,
        0.23060564558779825,
        0.26995118846838023,
        0.23897044348364233
      ]
    ]
  },
  "decision_cutoff_logit": -2.9601365609963532,
  "decision_cutoff_lift": 0.4925961011541712
}