{
  "n_components": 45,
  "n_features_in": 2048,
  "n_cal_knots": 200,
  "cal_min": 2.8618171215057373,
  "cal_max": 33.26295852661133,
  "scaler": "standard"
}