{
    "portfolio": [
        "lr",
        "xgb",
        "rf",
        "svc"
    ],
    "max_batch_size": 100000,
    "max_imbalance_ratio": 100,
    "num_batches": 1,
    "population_prior": 0.1,
    "batch_priors": [
        0.1
    ],
    "decision_cutoff_raw": 0.12772621566579911,
    "decision_cutoff_proba": 0.058943963022054444,
    "decision_cutoff_rank": 0.8541442411194833,
    "decision_cutoff_logit": -2.770415474974736,
    "decision_cutoff_lift": 0.5894396302205444
}